{
    "easy": {
        "Aligned IoU": {
            "success_only": {
                "mean": 0.5194938581116132,
                "median": 0.5514362179996363,
                "std": 0.2715754016827641,
                "count": 985
            },
            "adjusted": {
                "mean": 0.5117014502399391,
                "median": 0.544839164089025,
                "std": 0.27683419441673635,
                "count": 1000
            }
        },
        "Aligned Chamfer Distance": {
            "success_only": {
                "mean": 0.1385975295197036,
                "median": 0.09670231687118638,
                "std": 0.12417389318934025,
                "count": 985
            },
            "adjusted": {
                "mean": 0.13651856657690806,
                "median": 0.09439245706538288,
                "std": 0.12438544141801572,
                "count": 1000
            }
        },
        "Aligned Surface IoU": {
            "success_only": {
                "mean": 0.3624940101522843,
                "median": 0.20845,
                "std": 0.33746677680448584,
                "count": 985
            },
            "adjusted": {
                "mean": 0.3570566,
                "median": 0.200675,
                "std": 0.337812469701943,
                "count": 1000
            }
        },
        "Naive IoU": {
            "success_only": {
                "mean": 0.4599354309620468,
                "median": 0.4747118300040828,
                "std": 0.2972731061089554,
                "count": 985
            },
            "adjusted": {
                "mean": 0.4530363994976161,
                "median": 0.46911029629355716,
                "std": 0.3002882685699239,
                "count": 1000
            }
        },
        "Naive Chamfer Distance": {
            "success_only": {
                "mean": 0.20094054900007477,
                "median": 0.11810984419065823,
                "std": 0.22091204446692939,
                "count": 985
            },
            "adjusted": {
                "mean": 0.19792644076507362,
                "median": 0.11530794959369065,
                "std": 0.2206049309033753,
                "count": 1000
            }
        },
        "Naive Surface IoU": {
            "success_only": {
                "mean": 0.3522765989847716,
                "median": 0.2212,
                "std": 0.32440696760895626,
                "count": 985
            },
            "adjusted": {
                "mean": 0.34699245,
                "median": 0.211075,
                "std": 0.32480008842815994,
                "count": 1000
            }
        },
        "token_count": {
            "success_only": {
                "mean": 229.92588832487309,
                "median": 174.0,
                "std": 163.27949872880484,
                "count": 985
            },
            "adjusted": {
                "mean": 226.477,
                "median": 172.0,
                "std": 164.44381179672973,
                "count": 1000
            }
        },
        "line_count": {
            "success_only": {
                "mean": 11.795939086294416,
                "median": 9.0,
                "std": 8.238442493076763,
                "count": 985
            },
            "adjusted": {
                "mean": 11.619,
                "median": 9.0,
                "std": 8.301249890814617,
                "count": 1000
            }
        },
        "total_operations": {
            "success_only": {
                "mean": 27.548223350253807,
                "median": 21.0,
                "std": 19.71328942284273,
                "count": 985
            },
            "adjusted": {
                "mean": 27.135,
                "median": 20.0,
                "std": 19.84950321236723,
                "count": 1000
            }
        }
    },
    "medium": {
        "Aligned IoU": {
            "success_only": {
                "mean": 0.30308374022599593,
                "median": 0.2379593524364951,
                "std": 0.2472363661255143,
                "count": 904
            },
            "adjusted": {
                "mean": 0.2739877011643003,
                "median": 0.19383271502631147,
                "std": 0.25145935016209664,
                "count": 1000
            }
        },
        "Aligned Chamfer Distance": {
            "success_only": {
                "mean": 0.1841354001386041,
                "median": 0.15119948296777336,
                "std": 0.14922892002299018,
                "count": 904
            },
            "adjusted": {
                "mean": 0.1664584017252981,
                "median": 0.13101951467838596,
                "std": 0.15190362385387096,
                "count": 1000
            }
        },
        "Aligned Surface IoU": {
            "success_only": {
                "mean": 0.30439695796460176,
                "median": 0.179025,
                "std": 0.29005952295952386,
                "count": 904
            },
            "adjusted": {
                "mean": 0.27517484999999997,
                "median": 0.14045000000000002,
                "std": 0.2899978718812831,
                "count": 1000
            }
        },
        "Naive IoU": {
            "success_only": {
                "mean": 0.2491059571775898,
                "median": 0.16450139390945095,
                "std": 0.23898768141947038,
                "count": 904
            },
            "adjusted": {
                "mean": 0.2251917852885412,
                "median": 0.12760129922487745,
                "std": 0.23878282668263665,
                "count": 1000
            }
        },
        "Naive Chamfer Distance": {
            "success_only": {
                "mean": 0.24089355793844855,
                "median": 0.16736626645793876,
                "std": 0.22219970540255202,
                "count": 904
            },
            "adjusted": {
                "mean": 0.2177677763763575,
                "median": 0.14786679020622986,
                "std": 0.22286604856610864,
                "count": 1000
            }
        },
        "Naive Surface IoU": {
            "success_only": {
                "mean": 0.27695453539823006,
                "median": 0.1614,
                "std": 0.27737788155606075,
                "count": 904
            },
            "adjusted": {
                "mean": 0.2503669,
                "median": 0.12767499999999998,
                "std": 0.2760585588372461,
                "count": 1000
            }
        },
        "token_count": {
            "success_only": {
                "mean": 598.2267699115044,
                "median": 586.0,
                "std": 270.26038162921714,
                "count": 904
            },
            "adjusted": {
                "mean": 540.797,
                "median": 544.0,
                "std": 311.62587581501896,
                "count": 1000
            }
        },
        "line_count": {
            "success_only": {
                "mean": 27.211283185840706,
                "median": 26.0,
                "std": 16.768855436115047,
                "count": 904
            },
            "adjusted": {
                "mean": 24.599,
                "median": 21.0,
                "std": 17.8464757219933,
                "count": 1000
            }
        },
        "total_operations": {
            "success_only": {
                "mean": 72.31969026548673,
                "median": 68.0,
                "std": 33.728553080842566,
                "count": 904
            },
            "adjusted": {
                "mean": 65.377,
                "median": 64.0,
                "std": 38.5050842423765,
                "count": 1000
            }
        }
    },
    "hard": {
        "Aligned IoU": {
            "success_only": {
                "mean": 0.3562956137138333,