{
    "": {
        "Aligned IoU": {
            "success_only": {
                "mean": 0.4226243088323935,
                "median": 0.4176004763317769,
                "std": 0.26417209257665386,
                "count": 1792
            },
            "adjusted": {
                "mean": 0.2524475871425497,
                "median": 0.11685835910586008,
                "std": 0.2909496451703393,
                "count": 3000
            }
        },
        "Aligned Chamfer Distance": {
            "success_only": {
                "mean": 0.1723340339844726,
                "median": 0.13162764797756518,
                "std": 0.1343355560789642,
                "count": 1792
            },
            "adjusted": {
                "mean": 0.10294086296672497,
                "median": 0.054960907081403526,
                "std": 0.13387626393275096,
                "count": 3000
            }
        },
        "Aligned Surface IoU": {
            "success_only": {
                "mean": 0.2323505580357143,
                "median": 0.13192500000000001,
                "std": 0.2392977301190146,
                "count": 1792
            },
            "adjusted": {
                "mean": 0.13879073333333333,
                "median": 0.045025,
                "std": 0.21722619024119644,
                "count": 3000
            }
        },
        "Naive IoU": {
            "success_only": {
                "mean": 0.19904467247608817,
                "median": 0.09768850973466853,
                "std": 0.23762789142964524,
                "count": 1792
            },
            "adjusted": {
                "mean": 0.11889601769238334,
                "median": 0.01247596840465574,
                "std": 0.20797735909943096,
                "count": 3000
            }
        },
        "Naive Chamfer Distance": {
            "success_only": {
                "mean": 0.4931176779049603,
                "median": 0.4620152300759759,
                "std": 0.31063618768799606,
                "count": 1792
            },
            "adjusted": {
                "mean": 0.29455562626856296,
                "median": 0.15252198154912802,
                "std": 0.34078395039091824,
                "count": 3000
            }
        },
        "Naive Surface IoU": {
            "success_only": {
                "mean": 0.10238816964285714,
                "median": 0.0434,
                "std": 0.16050191686646398,
                "count": 1792
            },
            "adjusted": {
                "mean": 0.06115986666666667,
                "median": 0.021425,
                "std": 0.1338160043317714,
                "count": 3000
            }
        },
        "token_count": {
            "success_only": {
                "mean": 304.04408482142856,
                "median": 245.5,
                "std": 270.3579523509253,
                "count": 1792
            },
            "adjusted": {
                "mean": 181.61566666666667,
                "median": 79.0,
                "std": 256.6975973918034,
                "count": 3000
            }
        },
        "line_count": {
            "success_only": {
                "mean": 43.075892857142854,
                "median": 40.0,
                "std": 31.6899031257284,
                "count": 1792
            },
            "adjusted": {
                "mean": 25.730666666666668,
                "median": 16.0,
                "std": 32.34486341938637,
                "count": 3000
            }
        },
        "total_operations": {
            "success_only": {
                "mean": 26.292410714285715,
                "median": 18.0,
                "std": 29.726228736962746,
                "count": 1792
            },
            "adjusted": {
                "mean": 15.705333333333334,
                "median": 6.0,
                "std": 26.34469939002671,
                "count": 3000
            }
        }
    }
}