split,aligned_iou_adjusted_median,aligned_chamfer_distance_success_only_median,aligned_surface_iou_adjusted_median,vsr,token_count_success_only_median,total_operations_success_only_median
easy,0.6354323665215279,0.06640979545256223,0.21965,0.913,59.0,5.0
medium,0.4714066523409342,0.09264485502349179,0.11682500000000001,0.839,123.0,10.0
hard,0.2902023837956849,0.09043935531393871,0.067275,0.631,286.0,19.0
