{
    "": {
        "Aligned IoU": {
            "success_only": {
                "mean": 0.4413295010440266,
                "median": 0.42417163240826883,
                "std": 0.2717803784720779,
                "count": 2572
            },
            "adjusted": {
                "mean": 0.3783664922284121,
                "median": 0.3439339049036591,
                "std": 0.29521870565738156,
                "count": 3000
            }
        },
        "Aligned Chamfer Distance": {
            "success_only": {
                "mean": 0.14220423964583762,
                "median": 0.12031781538163994,
                "std": 0.10631020541495131,
                "count": 2572
            },
            "adjusted": {
                "mean": 0.1219164347896981,
                "median": 0.10108554285674129,
                "std": 0.11028674015316711,
                "count": 3000
            }
        },
        "Aligned Surface IoU": {
            "success_only": {
                "mean": 0.2995564152410576,
                "median": 0.19315,
                "std": 0.25967117856980654,
                "count": 2572
            },
            "adjusted": {
                "mean": 0.2568197,
                "median": 0.15047500000000003,
                "std": 0.2622695474228983,
                "count": 3000
            }
        },
        "Naive IoU": {
            "success_only": {
                "mean": 0.4590845812703531,
                "median": 0.46052286612753035,
                "std": 0.2679671912334251,
                "count": 2572
            },
            "adjusted": {
                "mean": 0.3935885143424494,
                "median": 0.3831338612313866,
                "std": 0.2955430815719756,
                "count": 3000
            }
        },
        "Naive Chamfer Distance": {
            "success_only": {
                "mean": 0.12462992931581778,
                "median": 0.09974181195589549,
                "std": 0.11188449969595568,
                "count": 2572
            },
            "adjusted": {
                "mean": 0.10684939273342776,
                "median": 0.08197563569409702,
                "std": 0.11239260342964054,
                "count": 3000
            }
        },
        "Naive Surface IoU": {
            "success_only": {
                "mean": 0.36884813374805603,
                "median": 0.3078,
                "std": 0.2664709848129743,
                "count": 2572
            },
            "adjusted": {
                "mean": 0.3162258,
                "median": 0.23702499999999999,
                "std": 0.27842269071370845,
                "count": 3000
            }
        },
        "token_count": {
            "success_only": {
                "mean": 365.40279937791604,
                "median": 357.0,
                "std": 141.6755743874099,
                "count": 2572
            },
            "adjusted": {
                "mean": 313.272,
                "median": 328.0,
                "std": 183.15015153875686,
                "count": 3000
            }
        },
        "line_count": {
            "success_only": {
                "mean": 3.855754276827372,
                "median": 4.0,
                "std": 0.3514070382555992,
                "count": 2572
            },
            "adjusted": {
                "mean": 3.3056666666666668,
                "median": 4.0,
                "std": 1.387399070545028,
                "count": 3000
            }
        },
        "total_operations": {
            "success_only": {
                "mean": 38.97433903576983,
                "median": 38.0,
                "std": 14.748221502470852,
                "count": 2572
            },
            "adjusted": {
                "mean": 33.414,
                "median": 35.0,
                "std": 19.295682896945788,
                "count": 3000
            }
        }
    }
}