{
    "": {
        "Aligned IoU": {
            "success_only": {
                "mean": 0.343589536259611,
                "median": 0.2975999201408367,
                "std": 0.23867127517243966,
                "count": 1300
            },
            "adjusted": {
                "mean": 0.14888879904583144,
                "median": 0.0,
                "std": 0.23167229424036984,
                "count": 3000
            }
        },
        "Aligned Chamfer Distance": {
            "success_only": {
                "mean": 0.19585574654025026,
                "median": 0.16888267312100746,
                "std": 0.12991278108401494,
                "count": 1300
            },
            "adjusted": {
                "mean": 0.08487082350077511,
                "median": 0.0,
                "std": 0.12935549318602313,
                "count": 3000
            }
        },
        "Aligned Surface IoU": {
            "success_only": {
                "mean": 0.19083196153846152,
                "median": 0.11449999999999999,
                "std": 0.1988177498986154,
                "count": 1300
            },
            "adjusted": {
                "mean": 0.08269385,
                "median": 0.0,
                "std": 0.16145242404421825,
                "count": 3000
            }
        },
        "Naive IoU": {
            "success_only": {
                "mean": 0.17268680191191738,
                "median": 0.07674958169602905,
                "std": 0.21900496319520305,
                "count": 1300
            },
            "adjusted": {
                "mean": 0.0748309474951642,
                "median": 0.0,
                "std": 0.16763074686208834,
                "count": 3000
            }
        },
        "Naive Chamfer Distance": {
            "success_only": {
                "mean": 0.4945400023734289,
                "median": 0.4411092455264578,
                "std": 0.31797709731450324,
                "count": 1300
            },
            "adjusted": {
                "mean": 0.21430066769515252,
                "median": 0.0,
                "std": 0.32228944309954305,
                "count": 3000
            }
        },
        "Naive Surface IoU": {
            "success_only": {
                "mean": 0.09339696153846154,
                "median": 0.04375,
                "std": 0.13855841150630918,
                "count": 1300
            },
            "adjusted": {
                "mean": 0.040472016666666666,
                "median": 0.0,
                "std": 0.10226625563586604,
                "count": 3000
            }
        },
        "token_count": {
            "success_only": {
                "mean": 404.0153846153846,
                "median": 298.0,
                "std": 348.4659614969915,
                "count": 1300
            },
            "adjusted": {
                "mean": 175.07333333333332,
                "median": 0.0,
                "std": 304.4521259375353,
                "count": 3000
            }
        },
        "line_count": {
            "success_only": {
                "mean": 60.54076923076923,
                "median": 49.0,
                "std": 44.55560088077174,
                "count": 1300
            },
            "adjusted": {
                "mean": 26.234333333333332,
                "median": 0.0,
                "std": 41.9545645079282,
                "count": 3000
            }
        },
        "total_operations": {
            "success_only": {
                "mean": 33.18153846153846,
                "median": 24.0,
                "std": 29.496612674917966,
                "count": 1300
            },
            "adjusted": {
                "mean": 14.378666666666666,
                "median": 0.0,
                "std": 25.442242710243338,
                "count": 3000
            }
        }
    }
}