{
    "": {
        "Aligned IoU": {
            "success_only": {
                "mean": 0.4781864155789986,
                "median": 0.4762114758550753,
                "std": 0.2869645476887188,
                "count": 2619
            },
            "adjusted": {
                "mean": 0.4174567408004658,
                "median": 0.4042069248221713,
                "std": 0.31184507565339004,
                "count": 3000
            }
        },
        "Aligned Chamfer Distance": {
            "success_only": {
                "mean": 0.1351196661394078,
                "median": 0.10987581879737876,
                "std": 0.1082622173390375,
                "count": 2619
            },
            "adjusted": {
                "mean": 0.117959468539703,
                "median": 0.0924240631993038,
                "std": 0.11070936831453619,
                "count": 3000
            }
        },
        "Aligned Surface IoU": {
            "success_only": {
                "mean": 0.32885521191294387,
                "median": 0.21615,
                "std": 0.28208894328178197,
                "count": 2619
            },
            "adjusted": {
                "mean": 0.2870906,
                "median": 0.16985,
                "std": 0.2854104200841379,
                "count": 3000
            }
        },
        "Naive IoU": {
            "success_only": {
                "mean": 0.49989277655074715,
                "median": 0.5053736485516277,
                "std": 0.28427305154944865,
                "count": 2619
            },
            "adjusted": {
                "mean": 0.43640639392880226,
                "median": 0.43720896506771023,
                "std": 0.3134642388629623,
                "count": 3000
            }
        },
        "Naive Chamfer Distance": {
            "success_only": {
                "mean": 0.11345627395773773,
                "median": 0.08989110150101236,
                "std": 0.09433826834150168,
                "count": 2619
            },
            "adjusted": {
                "mean": 0.09904732716510505,
                "median": 0.07576187826624271,
                "std": 0.09589949173486227,
                "count": 3000
            }
        },
        "Naive Surface IoU": {
            "success_only": {
                "mean": 0.3988091638029782,
                "median": 0.33685,
                "std": 0.2812129148727721,
                "count": 2619
            },
            "adjusted": {
                "mean": 0.3481604,
                "median": 0.26765,
                "std": 0.29440427828333354,
                "count": 3000
            }
        },
        "token_count": {
            "success_only": {
                "mean": 346.15922107674686,
                "median": 341.0,
                "std": 150.2250598396416,
                "count": 2619
            },
            "adjusted": {
                "mean": 302.197,
                "median": 312.0,
                "std": 181.63208122092004,
                "count": 3000
            }
        },
        "line_count": {
            "success_only": {
                "mean": 3.7430316914853,
                "median": 4.0,
                "std": 0.43704522510719895,
                "count": 2619
            },
            "adjusted": {
                "mean": 3.2676666666666665,
                "median": 4.0,
                "std": 1.3117144330252775,
                "count": 3000
            }
        },
        "total_operations": {
            "success_only": {
                "mean": 36.99465444826269,
                "median": 37.0,
                "std": 15.73282376941481,
                "count": 2619
            },
            "adjusted": {
                "mean": 32.29633333333334,
                "median": 34.0,
                "std": 19.17981078120314,
                "count": 3000
            }
        }
    }
}