{
    "": {
        "Aligned IoU": {
            "success_only": {
                "mean": 0.5514783039435825,
                "median": 0.6000443349587644,
                "std": 0.2709315100760437,
                "count": 2268
            },
            "adjusted": {
                "mean": 0.4169175977813484,
                "median": 0.4849309779165655,
                "std": 0.33407603376520656,
                "count": 3000
            }
        },
        "Aligned Chamfer Distance": {
            "success_only": {
                "mean": 0.12479546155988477,
                "median": 0.08454924495322587,
                "std": 0.12091435948719478,
                "count": 2268
            },
            "adjusted": {
                "mean": 0.0943453689392729,
                "median": 0.06068949235969716,
                "std": 0.11800647049663449,
                "count": 3000
            }
        },
        "Aligned Surface IoU": {
            "success_only": {
                "mean": 0.2971093474426808,
                "median": 0.134325,
                "std": 0.31552240988728936,
                "count": 2268
            },
            "adjusted": {
                "mean": 0.22461466666666668,
                "median": 0.07189999999999999,
                "std": 0.30256208961012493,
                "count": 3000
            }
        },
        "Naive IoU": {
            "success_only": {
                "mean": 0.36188964736052504,
                "median": 0.3013346945592317,
                "std": 0.30734382721226666,
                "count": 2268
            },
            "adjusted": {
                "mean": 0.27358857340455695,
                "median": 0.10775921120594475,
                "std": 0.30914473535275716,
                "count": 3000
            }
        },
        "Naive Chamfer Distance": {
            "success_only": {
                "mean": 0.34911974544632707,
                "median": 0.2139462886701053,
                "std": 0.3216963459433674,
                "count": 2268
            },
            "adjusted": {
                "mean": 0.2639345275574233,
                "median": 0.10468299412823688,
                "std": 0.31736372316622136,
                "count": 3000
            }
        },
        "Naive Surface IoU": {
            "success_only": {
                "mean": 0.19877380952380952,
                "median": 0.06285,
                "std": 0.2709026915077006,
                "count": 2268
            },
            "adjusted": {
                "mean": 0.15027300000000002,
                "median": 0.0423,
                "std": 0.2505321382978775,
                "count": 3000
            }
        },
        "token_count": {
            "success_only": {
                "mean": 177.95767195767195,
                "median": 149.0,
                "std": 135.19725649374462,
                "count": 2268
            },
            "adjusted": {
                "mean": 134.536,
                "median": 114.0,
                "std": 140.21637653313786,
                "count": 3000
            }
        },
        "line_count": {
            "success_only": {
                "mean": 32.70943562610229,
                "median": 32.0,
                "std": 18.500438341444397,
                "count": 2268
            },
            "adjusted": {
                "mean": 24.72833333333333,
                "median": 25.0,
                "std": 21.357682007866355,
                "count": 3000
            }
        },
        "total_operations": {
            "success_only": {
                "mean": 14.912698412698413,
                "median": 12.0,
                "std": 13.174655767924815,
                "count": 2268
            },
            "adjusted": {
                "mean": 11.274,
                "median": 8.0,
                "std": 13.12411285050172,
                "count": 3000
            }
        }
    }
}