{
    "easy": {
        "Aligned IoU": {
            "success_only": {
                "mean": 0.7730284000360967,
                "median": 0.8731775879525552,
                "std": 0.24989817808940326,
                "count": 46
            },
            "adjusted": {
                "mean": 0.7730284000360967,
                "median": 0.8731775879525552,
                "std": 0.24989817808940326,
                "count": 46
            }
        },
        "Aligned Chamfer Distance": {
            "success_only": {
                "mean": 0.07359580596481091,
                "median": 0.04567680865191094,
                "std": 0.0829404438837087,
                "count": 46
            },
            "adjusted": {
                "mean": 0.07359580596481091,
                "median": 0.04567680865191094,
                "std": 0.0829404438837087,
                "count": 46
            }
        },
        "Aligned Surface IoU": {
            "success_only": {
                "mean": 0.5330597826086957,
                "median": 0.533025,
                "std": 0.29793718290560767,
                "count": 46
            },
            "adjusted": {
                "mean": 0.5330597826086957,
                "median": 0.533025,
                "std": 0.29793718290560767,
                "count": 46
            }
        },
        "Naive IoU": {
            "success_only": {
                "mean": 0.8334729853169849,
                "median": 0.9123308504853391,
                "std": 0.19830440527980184,
                "count": 46
            },
            "adjusted": {
                "mean": 0.8334729853169849,
                "median": 0.9123308504853391,
                "std": 0.19830440527980184,
                "count": 46
            }
        },
        "Naive Chamfer Distance": {
            "success_only": {
                "mean": 0.069001489281334,
                "median": 0.042206790663249664,
                "std": 0.08472408339719946,
                "count": 46
            },
            "adjusted": {
                "mean": 0.069001489281334,
                "median": 0.042206790663249664,
                "std": 0.08472408339719946,
                "count": 46
            }
        },
        "Naive Surface IoU": {
            "success_only": {
                "mean": 0.5492673913043479,
                "median": 0.5889,
                "std": 0.2981936623175898,
                "count": 46
            },
            "adjusted": {
                "mean": 0.5492673913043479,
                "median": 0.5889,
                "std": 0.2981936623175898,
                "count": 46
            }
        },
        "token_count": {
            "success_only": {
                "mean": 2830.5,
                "median": 2329.0,
                "std": 2011.4650796537996,
                "count": 46
            },
            "adjusted": {
                "mean": 2830.5,
                "median": 2329.0,
                "std": 2011.4650796537996,
                "count": 46
            }
        },
        "line_count": {
            "success_only": {
                "mean": 183.82608695652175,
                "median": 149.5,
                "std": 130.70650827081195,
                "count": 46
            },
            "adjusted": {
                "mean": 183.82608695652175,
                "median": 149.5,
                "std": 130.70650827081195,
                "count": 46
            }
        },
        "total_operations": {
            "success_only": {
                "mean": 178.52173913043478,
                "median": 144.5,
                "std": 130.69570070807563,
                "count": 46
            },
            "adjusted": {
                "mean": 178.52173913043478,
                "median": 144.5,
                "std": 130.69570070807563,
                "count": 46
            }
        }
    },
    "medium": {
        "Aligned IoU": {
            "success_only": {
                "mean": 0.6679400409421684,
                "median": 0.7147311854813199,
                "std": 0.20211432159651463,
                "count": 48
            },
            "adjusted": {
                "mean": 0.6679400409421684,
                "median": 0.7147311854813199,
                "std": 0.20211432159651463,
                "count": 48
            }
        },
        "Aligned Chamfer Distance": {
            "success_only": {
                "mean": 0.07204220840557914,
                "median": 0.04325465030928253,
                "std": 0.07232635779207598,
                "count": 48
            },
            "adjusted": {
                "mean": 0.07204220840557914,
                "median": 0.04325465030928253,
                "std": 0.07232635779207598,
                "count": 48
            }
        },
        "Aligned Surface IoU": {
            "success_only": {
                "mean": 0.5265010416666667,
                "median": 0.548,
                "std": 0.3139404240286958,
                "count": 48
            },
            "adjusted": {
                "mean": 0.5265010416666667,
                "median": 0.548,
                "std": 0.3139404240286958,
                "count": 48
            }
        },
        "Naive IoU": {
            "success_only": {
                "mean": 0.7633277781650764,
                "median": 0.7852654343460712,
                "std": 0.14246846889994802,
                "count": 48
            },
            "adjusted": {
                "mean": 0.7633277781650764,
                "median": 0.7852654343460712,
                "std": 0.14246846889994802,
                "count": 48
            }
        },
        "Naive Chamfer Distance": {
            "success_only": {
                "mean": 0.05709031338153512,
                "median": 0.03622603951844545,
                "std": 0.05347463874938826,
                "count": 48
            },
            "adjusted": {
                "mean": 0.05709031338153512,
                "median": 0.03622603951844545,
                "std": 0.05347463874938826,
                "count": 48
            }
        },
        "Naive Surface IoU": {
            "success_only": {
                "mean": 0.6001833333333333,
                "median": 0.686025,
                "std": 0.2819053693520284,
                "count": 48
            },
            "adjusted": {
                "mean": 0.6001833333333333,
                "median": 0.686025,
                "std": 0.2819053693520284,
                "count": 48
            }
        },
        "token_count": {
            "success_only": {
                "mean": 4873.520833333333,
                "median": 4034.5,
                "std": 5328.172649867004,
                "count": 48
            },
            "adjusted": {
                "mean": 4873.520833333333,
                "median": 4034.5,
                "std": 5328.172649867004,
                "count": 48
            }
        },
        "line_count": {
            "success_only": {
                "mean": 323.9791666666667,
                "median": 284.0,
                "std": 332.48308160978297,
                "count": 48
            },
            "adjusted": {
                "mean": 323.9791666666667,
                "median": 284.0,
                "std": 332.48308160978297,
                "count": 48
            }
        },
        "total_operations": {
            "success_only": {
                "mean": 320.2083333333333,
                "median": 279.0,
                "std": 333.54568147587474,
                "count": 48
            },
            "adjusted": {
                "mean": 320.2083333333333,
                "median": 279.0,
                "std": 333.54568147587474,
                "count": 48
            }
        }
    },
    "hard": {
        "Aligned IoU": {
            "success_only": {
                "mean": 0.602494887609542,