split,aligned_iou_adjusted_median,aligned_chamfer_distance_success_only_median,aligned_surface_iou_adjusted_median,vsr,token_count_success_only_median,total_operations_success_only_median
easy,0.6794366698772429,0.0658019516407587,0.214025,0.958,56.0,5.0
medium,0.5534610868049215,0.08937286237987424,0.16922500000000001,0.932,102.5,8.0
hard,0.43367674794020594,0.11334855309819002,0.09775,0.845,165.0,13.0
