split,aligned_iou_adjusted_median,aligned_chamfer_distance_success_only_median,aligned_surface_iou_adjusted_median,vsr,token_count_success_only_median,total_operations_success_only_median
easy,0.11686917693520907,0.36125311524037984,0.06,0.991,190.0,15.0
medium,0.1306011760405635,0.2860719858604882,0.09087500000000001,0.995,227.0,18.0
hard,0.13896870100196934,0.2639333623720087,0.09637499999999999,0.984,202.0,15.0
