{
    "easy": {
        "Aligned IoU": {
            "success_only": {
                "mean": 0.5396403933930136,
                "median": 0.5723117686045935,
                "std": 0.2737461557845588,
                "count": 979
            },
            "adjusted": {
                "mean": 0.5283079451317604,
                "median": 0.5625968243552639,
                "std": 0.28169970165266356,
                "count": 1000
            }
        },
        "Aligned Chamfer Distance": {
            "success_only": {
                "mean": 0.1367942318766336,
                "median": 0.09237324933621646,
                "std": 0.13707176631584314,
                "count": 979
            },
            "adjusted": {
                "mean": 0.13392155300722428,
                "median": 0.08809350844623695,
                "std": 0.13703580125862477,
                "count": 1000
            }
        },
        "Aligned Surface IoU": {
            "success_only": {
                "mean": 0.36977803881511745,
                "median": 0.19975,
                "std": 0.3551752637046725,
                "count": 979
            },
            "adjusted": {
                "mean": 0.3620127,
                "median": 0.192775,
                "std": 0.3554034926196931,
                "count": 1000
            }
        },
        "Naive IoU": {
            "success_only": {
                "mean": 0.4265503403824878,
                "median": 0.39592565145291597,
                "std": 0.31194986927212326,
                "count": 979
            },
            "adjusted": {
                "mean": 0.4175927832344556,
                "median": 0.38549026872437403,
                "std": 0.31466087103805884,
                "count": 1000
            }
        },
        "Naive Chamfer Distance": {
            "success_only": {
                "mean": 0.2699204251431469,
                "median": 0.1772590206437234,
                "std": 0.2766131579654854,
                "count": 979
            },
            "adjusted": {
                "mean": 0.2642520962151408,
                "median": 0.1714623195705241,
                "std": 0.276415966046961,
                "count": 1000
            }
        },
        "Naive Surface IoU": {
            "success_only": {
                "mean": 0.31810607763023496,
                "median": 0.14915,
                "std": 0.3341658413664286,
                "count": 979
            },
            "adjusted": {
                "mean": 0.31142585,
                "median": 0.14035,
                "std": 0.33376928742996853,
                "count": 1000
            }
        },
        "token_count": {
            "success_only": {
                "mean": 151.67722165474976,
                "median": 125.0,
                "std": 97.44587927969006,
                "count": 979
            },
            "adjusted": {
                "mean": 148.492,
                "median": 125.0,
                "std": 98.84100100403413,
                "count": 1000
            }
        },
        "line_count": {
            "success_only": {
                "mean": 8.853932584269662,
                "median": 7.0,
                "std": 4.902329520081939,
                "count": 979
            },
            "adjusted": {
                "mean": 8.668,
                "median": 7.0,
                "std": 5.014071889883199,
                "count": 1000
            }
        },
        "total_operations": {
            "success_only": {
                "mean": 17.26864147088866,
                "median": 13.0,
                "std": 11.106767005113854,
                "count": 979
            },
            "adjusted": {
                "mean": 16.906,
                "median": 13.0,
                "std": 11.265170574299717,
                "count": 1000
            }
        }
    },
    "medium": {
        "Aligned IoU": {
            "success_only": {
                "mean": 0.4060276952397233,
                "median": 0.3952613958530783,
                "std": 0.25020601294773454,
                "count": 979
            },
            "adjusted": {
                "mean": 0.39750111363968915,
                "median": 0.38684594673824624,
                "std": 0.25432221158980334,
                "count": 1000
            }
        },
        "Aligned Chamfer Distance": {
            "success_only": {
                "mean": 0.1765502765597387,
                "median": 0.15378111936475103,
                "std": 0.1261446609238455,
                "count": 979
            },
            "adjusted": {
                "mean": 0.1728427207519842,
                "median": 0.14888904529315125,
                "std": 0.12735558290349783,
                "count": 1000
            }
        },
        "Aligned Surface IoU": {
            "success_only": {
                "mean": 0.24993728294177733,
                "median": 0.1107,
                "std": 0.2739166954237619,
                "count": 979
            },
            "adjusted": {
                "mean": 0.2446886,
                "median": 0.10765,
                "std": 0.27338383236731445,
                "count": 1000
            }
        },
        "Naive IoU": {
            "success_only": {
                "mean": 0.3062430847530418,
                "median": 0.23295995203663958,
                "std": 0.2619091438530478,
                "count": 979
            },
            "adjusted": {
                "mean": 0.2998119799732279,
                "median": 0.22712836315182486,
                "std": 0.2628392770971042,
                "count": 1000
            }
        },
        "Naive Chamfer Distance": {
            "success_only": {
                "mean": 0.30375637974150427,
                "median": 0.24098172221315922,
                "std": 0.24651422469297193,
                "count": 979
            },
            "adjusted": {
                "mean": 0.2973774957669327,
                "median": 0.23495508068365145,
                "std": 0.24777139947752347,
                "count": 1000
            }
        },
        "Naive Surface IoU": {
            "success_only": {
                "mean": 0.21075051072522982,
                "median": 0.0916,
                "std": 0.25313763907144926,
                "count": 979
            },
            "adjusted": {
                "mean": 0.20632475,
                "median": 0.085325,
                "std": 0.2522810405050998,
                "count": 1000
            }
        },
        "token_count": {
            "success_only": {
                "mean": 271.7854954034729,
                "median": 204.0,
                "std": 189.96544986165188,
                "count": 979
            },
            "adjusted": {
                "mean": 266.078,
                "median": 203.0,
                "std": 191.95949667668012,
                "count": 1000
            }
        },
        "line_count": {
            "success_only": {
                "mean": 13.518896833503575,
                "median": 11.0,
                "std": 10.226094393889614,
                "count": 979
            },
            "adjusted": {
                "mean": 13.235,
                "median": 11.0,
                "std": 10.302228443929536,
                "count": 1000
            }
        },
        "total_operations": {
            "success_only": {
                "mean": 31.748723186925435,
                "median": 24.0,
                "std": 23.025197052106357,
                "count": 979
            },
            "adjusted": {
                "mean": 31.082,
                "median": 24.0,
                "std": 23.23271475818172,
                "count": 1000
            }
        }
    },
    "hard": {
        "Aligned IoU": {
            "success_only": {
                "mean": 0.3007748316137596,
                "median": 0.2558936673132299,