split,aligned_iou_adjusted_median,aligned_chamfer_distance_success_only_median,aligned_surface_iou_adjusted_median,vsr,token_count_success_only_median,total_operations_success_only_median
easy,0.6337701098635542,0.055131022761812254,0.47614999999999996,0.871,299.0,31.0
medium,0.34862716060373566,0.07411070508737082,0.341375,0.824,395.0,42.0
hard,0.42510227952965773,0.05809873164638843,0.4489,0.813,350.0,36.0
