{
    "": {
        "Aligned IoU": {
            "success_only": {
                "mean": 0.4806791236268209,
                "median": 0.48245406040330363,
                "std": 0.2879838651471929,
                "count": 2654
            },
            "adjusted": {
                "mean": 0.4252407980351942,
                "median": 0.4245385244625328,
                "std": 0.31136615042898846,
                "count": 3000
            }
        },
        "Aligned Chamfer Distance": {
            "success_only": {
                "mean": 0.13119170456321258,
                "median": 0.10612298539706966,
                "std": 0.10320712814956574,
                "count": 2654
            },
            "adjusted": {
                "mean": 0.1160609279702554,
                "median": 0.09197990754835966,
                "std": 0.1057330687469336,
                "count": 3000
            }
        },
        "Aligned Surface IoU": {
            "success_only": {
                "mean": 0.33385143180105503,
                "median": 0.221375,
                "std": 0.2825846909798238,
                "count": 2654
            },
            "adjusted": {
                "mean": 0.29534723333333335,
                "median": 0.1795,
                "std": 0.2863862717634414,
                "count": 3000
            }
        },
        "Naive IoU": {
            "success_only": {
                "mean": 0.5006193910021101,
                "median": 0.5113567169685034,
                "std": 0.28774876446097936,
                "count": 2654
            },
            "adjusted": {
                "mean": 0.4428812879065334,
                "median": 0.44820905577566694,
                "std": 0.3143664963427718,
                "count": 3000
            }
        },
        "Naive Chamfer Distance": {
            "success_only": {
                "mean": 0.11550805469108509,
                "median": 0.08716282117935507,
                "std": 0.10626152755494661,
                "count": 2654
            },
            "adjusted": {
                "mean": 0.10218612571671329,
                "median": 0.07486499034425076,
                "std": 0.10653900921824559,
                "count": 3000
            }
        },
        "Naive Surface IoU": {
            "success_only": {
                "mean": 0.4022773737754333,
                "median": 0.33857499999999996,
                "std": 0.2837505941841974,
                "count": 2654
            },
            "adjusted": {
                "mean": 0.35588138333333336,
                "median": 0.2753,
                "std": 0.2962132410201109,
                "count": 3000
            }
        },
        "token_count": {
            "success_only": {
                "mean": 343.8771665410701,
                "median": 335.0,
                "std": 147.8891812626064,
                "count": 2654
            },
            "adjusted": {
                "mean": 304.21666666666664,
                "median": 310.0,
                "std": 177.24925243298392,
                "count": 3000
            }
        },
        "line_count": {
            "success_only": {
                "mean": 3.7483044461190658,
                "median": 4.0,
                "std": 0.4340689982201068,
                "count": 2654
            },
            "adjusted": {
                "mean": 3.316,
                "median": 4.0,
                "std": 1.2651788645035094,
                "count": 3000
            }
        },
        "total_operations": {
            "success_only": {
                "mean": 36.76639035418236,
                "median": 36.0,
                "std": 15.528036752110488,
                "count": 2654
            },
            "adjusted": {
                "mean": 32.526,
                "median": 33.0,
                "std": 18.742209425199746,
                "count": 3000
            }
        }
    }
}