{
    "easy": {
        "Aligned IoU": {
            "success_only": {
                "mean": 0.16239496831762823,
                "median": 0.08733532512337888,
                "std": 0.1892313239059274,
                "count": 854
            },
            "adjusted": {
                "mean": 0.13868530294325448,
                "median": 0.05503753414293175,
                "std": 0.18402905791270446,
                "count": 1000
            }
        },
        "Aligned Chamfer Distance": {
            "success_only": {
                "mean": 0.37729524714837487,
                "median": 0.3632694398289963,
                "std": 0.19259064873666573,
                "count": 854
            },
            "adjusted": {
                "mean": 0.3222101410647122,
                "median": 0.32934116216971476,
                "std": 0.22234472049982767,
                "count": 1000
            }
        },
        "Aligned Surface IoU": {
            "success_only": {
                "mean": 0.0968907494145199,
                "median": 0.04085,
                "std": 0.16105277983335792,
                "count": 854
            },
            "adjusted": {
                "mean": 0.08274469999999999,
                "median": 0.03335,
                "std": 0.15270540841328661,
                "count": 1000
            }
        },
        "Naive IoU": {
            "success_only": {
                "mean": 0.07359328628323503,
                "median": 0.010882123887100742,
                "std": 0.1310156848787762,
                "count": 854
            },
            "adjusted": {
                "mean": 0.06284866648588272,
                "median": 0.006464924833020842,
                "std": 0.12382429504290995,
                "count": 1000
            }
        },
        "Naive Chamfer Distance": {
            "success_only": {
                "mean": 0.7876863945795883,
                "median": 0.7564880654537202,
                "std": 0.32114989997930443,
                "count": 854
            },
            "adjusted": {
                "mean": 0.6726841809709685,
                "median": 0.6985234125593699,
                "std": 0.40681906656038114,
                "count": 1000
            }
        },
        "Naive Surface IoU": {
            "success_only": {
                "mean": 0.032557435597189696,
                "median": 0.0218,
                "std": 0.05985476100811657,
                "count": 854
            },
            "adjusted": {
                "mean": 0.02780405,
                "median": 0.019225,
                "std": 0.05649164546288774,
                "count": 1000
            }
        },
        "token_count": {
            "success_only": {
                "mean": 128.52341920374707,
                "median": 122.0,
                "std": 56.44652234337478,
                "count": 854
            },
            "adjusted": {
                "mean": 109.759,
                "median": 108.0,
                "std": 69.15333037607155,
                "count": 1000
            }
        },
        "line_count": {
            "success_only": {
                "mean": 3.210772833723653,
                "median": 3.0,
                "std": 0.40809638703793283,
                "count": 854
            },
            "adjusted": {
                "mean": 2.742,
                "median": 3.0,
                "std": 1.1953513562400235,
                "count": 1000
            }
        },
        "total_operations": {
            "success_only": {
                "mean": 12.688524590163935,
                "median": 12.0,
                "std": 6.073132607880374,
                "count": 854
            },
            "adjusted": {
                "mean": 10.836,
                "median": 10.0,
                "std": 7.182387534148429,
                "count": 1000
            }
        }
    },
    "medium": {
        "Aligned IoU": {
            "success_only": {
                "mean": 0.12263857851765511,
                "median": 0.06648315841131808,
                "std": 0.14115021976178005,
                "count": 546
            },
            "adjusted": {
                "mean": 0.10462603729787452,
                "median": 0.04594940363200827,
                "std": 0.13740483286062816,
                "count": 640
            }
        },
        "Aligned Chamfer Distance": {
            "success_only": {
                "mean": 0.41437249735325593,
                "median": 0.3707493508993091,
                "std": 0.20898216851763535,
                "count": 546
            },
            "adjusted": {
                "mean": 0.35351153680449643,
                "median": 0.3409398831769954,
                "std": 0.24248232456785948,
                "count": 640
            }
        },
        "Aligned Surface IoU": {
            "success_only": {
                "mean": 0.08103946886446886,
                "median": 0.045700000000000005,
                "std": 0.10931198241264964,
                "count": 546
            },
            "adjusted": {
                "mean": 0.06913679687499999,
                "median": 0.03745,
                "std": 0.10495493295401968,
                "count": 640
            }
        },
        "Naive IoU": {
            "success_only": {
                "mean": 0.04712794597988278,
                "median": 0.008294580099459,
                "std": 0.08631534469203767,
                "count": 546
            },
            "adjusted": {
                "mean": 0.04020602891408749,
                "median": 0.003438530317114194,
                "std": 0.08144382164715948,
                "count": 640
            }
        },
        "Naive Chamfer Distance": {
            "success_only": {
                "mean": 0.795682007648757,
                "median": 0.7594375773140729,
                "std": 0.33676164674437675,
                "count": 546
            },
            "adjusted": {
                "mean": 0.6788162127753459,
                "median": 0.6842841184330197,
                "std": 0.4197380420120339,
                "count": 640
            }
        },
        "Naive Surface IoU": {
            "success_only": {
                "mean": 0.027077747252747253,
                "median": 0.020624999999999998,
                "std": 0.031811518804943685,
                "count": 546
            },
            "adjusted": {
                "mean": 0.023100703125,
                "median": 0.0177,
                "std": 0.030905063048634152,
                "count": 640
            }
        },
        "token_count": {
            "success_only": {
                "mean": 170.46703296703296,
                "median": 151.5,
                "std": 80.57160365072977,
                "count": 546
            },
            "adjusted": {
                "mean": 145.4296875,
                "median": 143.0,
                "std": 95.8315295681442,
                "count": 640
            }
        },
        "line_count": {
            "success_only": {
                "mean": 3.3956043956043955,
                "median": 3.0,
                "std": 0.4894285200491735,
                "count": 546
            },
            "adjusted": {
                "mean": 2.896875,
                "median": 3.0,
                "std": 1.2850371288547313,
                "count": 640
            }
        },
        "total_operations": {
            "success_only": {
                "mean": 17.542124542124544,
                "median": 16.0,
                "std": 8.795696522328472,
                "count": 546
            },
            "adjusted": {
                "mean": 14.965625,
                "median": 15.0,
                "std": 10.227555199937186,
                "count": 640
            }
        }
    },
    "hard": {
        "Aligned IoU": {
            "success_only": {
                "mean": 0.10494771120549679,