{
    "": {
        "Aligned IoU": {
            "success_only": {
                "mean": 0.35318217874267244,
                "median": 0.3302582003327816,
                "std": 0.2355437020293096,
                "count": 2935
            },
            "adjusted": {
                "mean": 0.34552989820324786,
                "median": 0.32033217741137743,
                "std": 0.23858609209287696,
                "count": 3000
            }
        },
        "Aligned Chamfer Distance": {
            "success_only": {
                "mean": 0.22610504679710616,
                "median": 0.20090536103219286,
                "std": 0.1489741372973139,
                "count": 2935
            },
            "adjusted": {
                "mean": 0.2212061041165022,
                "median": 0.1973442772931748,
                "std": 0.1509844890089133,
                "count": 3000
            }
        },
        "Aligned Surface IoU": {
            "success_only": {
                "mean": 0.14071202725724022,
                "median": 0.05755,
                "std": 0.20319942360495807,
                "count": 2935
            },
            "adjusted": {
                "mean": 0.13766326666666667,
                "median": 0.055725,
                "std": 0.20202705993664422,
                "count": 3000
            }
        },
        "Naive IoU": {
            "success_only": {
                "mean": 0.27426918474026357,
                "median": 0.21512246709775615,
                "std": 0.23825532682960635,
                "count": 2935
            },
            "adjusted": {
                "mean": 0.26832668573755786,
                "median": 0.20216050301683558,
                "std": 0.23901952232467483,
                "count": 3000
            }
        },
        "Naive Chamfer Distance": {
            "success_only": {
                "mean": 0.34783892220403756,
                "median": 0.2911719514262917,
                "std": 0.25370636989691275,
                "count": 2935
            },
            "adjusted": {
                "mean": 0.3403024122229501,
                "median": 0.2839124794684187,
                "std": 0.25600271123925933,
                "count": 3000
            }
        },
        "Naive Surface IoU": {
            "success_only": {
                "mean": 0.12965993185689947,
                "median": 0.0533,
                "std": 0.18708771075625075,
                "count": 2935
            },
            "adjusted": {
                "mean": 0.12685063333333332,
                "median": 0.05195,
                "std": 0.18600985506596018,
                "count": 3000
            }
        },
        "token_count": {
            "success_only": {
                "mean": 412.8691652470187,
                "median": 329.0,
                "std": 241.1703116245546,
                "count": 2935
            },
            "adjusted": {
                "mean": 403.9236666666667,
                "median": 324.0,
                "std": 246.002035575029,
                "count": 3000
            }
        },
        "line_count": {
            "success_only": {
                "mean": 24.43304940374787,
                "median": 21.0,
                "std": 13.823561904884905,
                "count": 2935
            },
            "adjusted": {
                "mean": 23.903666666666666,
                "median": 19.0,
                "std": 14.128254990806552,
                "count": 3000
            }
        },
        "total_operations": {
            "success_only": {
                "mean": 49.4381601362862,
                "median": 39.0,
                "std": 29.224319450236866,
                "count": 2935
            },
            "adjusted": {
                "mean": 48.367,
                "median": 39.0,
                "std": 29.788858706475228,
                "count": 3000
            }
        }
    }
}