split,aligned_iou_adjusted_median,aligned_chamfer_distance_success_only_median,aligned_surface_iou_adjusted_median,vsr,token_count_success_only_median,total_operations_success_only_median
easy,0.04631473443275917,0.3960947640137288,0.030925,0.886,128.0,14.0
medium,0.029196819116977545,0.38882455532960947,0.036449999999999996,0.887,151.0,16.0
hard,0.023935214428479994,0.4131575880686328,0.035225,0.835,179.0,19.0
