{
    "": {
        "Aligned IoU": {
            "success_only": {
                "mean": 0.6433480243996257,
                "median": 0.7267929047247687,
                "std": 0.28788430283034266,
                "count": 2841
            },
            "adjusted": {
                "mean": 0.6092505791064455,
                "median": 0.7016286773728063,
                "std": 0.31506225049038783,
                "count": 3000
            }
        },
        "Aligned Chamfer Distance": {
            "success_only": {
                "mean": 0.08721031231522261,
                "median": 0.058217243499629895,
                "std": 0.08646046951446193,
                "count": 2841
            },
            "adjusted": {
                "mean": 0.08258816576251582,
                "median": 0.05359689807046007,
                "std": 0.08637676593952182,
                "count": 3000
            }
        },
        "Aligned Surface IoU": {
            "success_only": {
                "mean": 0.497070890531503,
                "median": 0.48745,
                "std": 0.3423171159244095,
                "count": 2841
            },
            "adjusted": {
                "mean": 0.47072613333333335,
                "median": 0.44335,
                "std": 0.3512458460112549,
                "count": 3000
            }
        },
        "Naive IoU": {
            "success_only": {
                "mean": 0.6899777025909668,
                "median": 0.7863258472858193,
                "std": 0.2708414978292942,
                "count": 2841
            },
            "adjusted": {
                "mean": 0.6534088843536456,
                "median": 0.7668275023329103,
                "std": 0.3055623627920128,
                "count": 3000
            }
        },
        "Naive Chamfer Distance": {
            "success_only": {
                "mean": 0.06524856407404772,
                "median": 0.045116402206800535,
                "std": 0.061961288789777816,
                "count": 2841
            },
            "adjusted": {
                "mean": 0.0617903901781232,
                "median": 0.04280017112989899,
                "std": 0.06204360527904883,
                "count": 3000
            }
        },
        "Naive Surface IoU": {
            "success_only": {
                "mean": 0.6071225448785639,
                "median": 0.6439,
                "std": 0.2910452914172676,
                "count": 2841
            },
            "adjusted": {
                "mean": 0.57494505,
                "median": 0.6142749999999999,
                "std": 0.31420190119502606,
                "count": 3000
            }
        },
        "token_count": {
            "success_only": {
                "mean": 222.1422034494896,
                "median": 187.0,
                "std": 133.90734466099008,
                "count": 2841
            },
            "adjusted": {
                "mean": 210.36866666666666,
                "median": 175.0,
                "std": 139.49235387821693,
                "count": 3000
            }
        },
        "line_count": {
            "success_only": {
                "mean": 3.519183386131644,
                "median": 4.0,
                "std": 0.4997198177851894,
                "count": 2841
            },
            "adjusted": {
                "mean": 3.332666666666667,
                "median": 3.0,
                "std": 0.9264370732934214,
                "count": 3000
            }
        },
        "total_operations": {
            "success_only": {
                "mean": 23.89545934530095,
                "median": 20.0,
                "std": 13.708611863874108,
                "count": 2841
            },
            "adjusted": {
                "mean": 22.629,
                "median": 20.0,
                "std": 14.374661826777402,
                "count": 3000
            }
        }
    }
}