{
    "": {
        "Aligned IoU": {
            "success_only": {
                "mean": 0.564204442567509,
                "median": 0.6248403128414808,
                "std": 0.2734917394796607,
                "count": 2216
            },
            "adjusted": {
                "mean": 0.41675901490986667,
                "median": 0.5018754729476482,
                "std": 0.34163397700771975,
                "count": 3000
            }
        },
        "Aligned Chamfer Distance": {
            "success_only": {
                "mean": 0.12243490631135044,
                "median": 0.08105806906849883,
                "std": 0.1207811565189217,
                "count": 2216
            },
            "adjusted": {
                "mean": 0.09043858412865086,
                "median": 0.05350295027062357,
                "std": 0.11691505430177597,
                "count": 3000
            }
        },
        "Aligned Surface IoU": {
            "success_only": {
                "mean": 0.32068330324909744,
                "median": 0.14932499999999999,
                "std": 0.32554161925253455,
                "count": 2216
            },
            "adjusted": {
                "mean": 0.23687806666666666,
                "median": 0.077775,
                "std": 0.3132585829026604,
                "count": 3000
            }
        },
        "Naive IoU": {
            "success_only": {
                "mean": 0.37228007171093824,
                "median": 0.3052367452570045,
                "std": 0.31627657224636063,
                "count": 2216
            },
            "adjusted": {
                "mean": 0.2749908796371464,
                "median": 0.09348197909172407,
                "std": 0.3172433042231297,
                "count": 3000
            }
        },
        "Naive Chamfer Distance": {
            "success_only": {
                "mean": 0.3361850503185208,
                "median": 0.1950531385029789,
                "std": 0.31841696163524275,
                "count": 2216
            },
            "adjusted": {
                "mean": 0.24832869050194736,
                "median": 0.09334516692944292,
                "std": 0.3109801218835148,
                "count": 3000
            }
        },
        "Naive Surface IoU": {
            "success_only": {
                "mean": 0.21790442238267146,
                "median": 0.0681,
                "std": 0.2903583580565583,
                "count": 2216
            },
            "adjusted": {
                "mean": 0.16095873333333333,
                "median": 0.043175000000000005,
                "std": 0.2672772107061316,
                "count": 3000
            }
        },
        "token_count": {
            "success_only": {
                "mean": 180.5582129963899,
                "median": 148.0,
                "std": 139.60720209245224,
                "count": 2216
            },
            "adjusted": {
                "mean": 133.37233333333333,
                "median": 106.0,
                "std": 143.84168558311833,
                "count": 3000
            }
        },
        "line_count": {
            "success_only": {
                "mean": 33.83754512635379,
                "median": 32.0,
                "std": 19.329710418193965,
                "count": 2216
            },
            "adjusted": {
                "mean": 24.994666666666667,
                "median": 24.0,
                "std": 22.294834785399505,
                "count": 3000
            }
        },
        "total_operations": {
            "success_only": {
                "mean": 14.302346570397113,
                "median": 11.0,
                "std": 13.348352808786014,
                "count": 2216
            },
            "adjusted": {
                "mean": 10.564666666666668,
                "median": 8.0,
                "std": 13.080501445341309,
                "count": 3000
            }
        }
    }
}