{
    "easy": {
        "Aligned IoU": {
            "success_only": {
                "mean": 0.8233929661507944,
                "median": 0.9214723667463978,
                "std": 0.23157541616903457,
                "count": 966
            },
            "adjusted": {
                "mean": 0.7953976053016674,
                "median": 0.9153514359285836,
                "std": 0.2721980107233885,
                "count": 1000
            }
        },
        "Aligned Chamfer Distance": {
            "success_only": {
                "mean": 0.04729746103993795,
                "median": 0.029800647616174174,
                "std": 0.05635860427008299,
                "count": 966
            },
            "adjusted": {
                "mean": 0.04568934736458006,
                "median": 0.029364460190024713,
                "std": 0.05605120379973887,
                "count": 1000
            }
        },
        "Aligned Surface IoU": {
            "success_only": {
                "mean": 0.7034939440993789,
                "median": 0.788575,
                "std": 0.2760231717709216,
                "count": 966
            },
            "adjusted": {
                "mean": 0.67957515,
                "median": 0.7716000000000001,
                "std": 0.2997776983255941,
                "count": 1000
            }
        },
        "Naive IoU": {
            "success_only": {
                "mean": 0.859444508955912,
                "median": 0.9338304118538734,
                "std": 0.18824216586817785,
                "count": 966
            },
            "adjusted": {
                "mean": 0.8302233956514109,
                "median": 0.9289238175374296,
                "std": 0.24189553409924944,
                "count": 1000
            }
        },
        "Naive Chamfer Distance": {
            "success_only": {
                "mean": 0.0388347627463232,
                "median": 0.028978034163711926,
                "std": 0.04103104572707698,
                "count": 966
            },
            "adjusted": {
                "mean": 0.03751438081294821,
                "median": 0.028502872528573704,
                "std": 0.0409369236860137,
                "count": 1000
            }
        },
        "Naive Surface IoU": {
            "success_only": {
                "mean": 0.7665062629399586,
                "median": 0.810875,
                "std": 0.19891115066707213,
                "count": 966
            },
            "adjusted": {
                "mean": 0.74044505,
                "median": 0.803175,
                "std": 0.23986512804626295,
                "count": 1000
            }
        },
        "token_count": {
            "success_only": {
                "mean": 147.09316770186336,
                "median": 112.0,
                "std": 109.12672490268532,
                "count": 966
            },
            "adjusted": {
                "mean": 142.092,
                "median": 109.0,
                "std": 110.52004440922117,
                "count": 1000
            }
        },
        "line_count": {
            "success_only": {
                "mean": 3.0610766045548656,
                "median": 3.0,
                "std": 0.23959482277326935,
                "count": 966
            },
            "adjusted": {
                "mean": 2.957,
                "median": 3.0,
                "std": 0.6029216487359812,
                "count": 1000
            }
        },
        "total_operations": {
            "success_only": {
                "mean": 15.209109730848862,
                "median": 12.0,
                "std": 11.734090092319999,
                "count": 966
            },
            "adjusted": {
                "mean": 14.692,
                "median": 11.0,
                "std": 11.85781361566051,
                "count": 1000
            }
        }
    },
    "medium": {
        "Aligned IoU": {
            "success_only": {
                "mean": 0.5181993909550991,
                "median": 0.5374549380671866,
                "std": 0.29022585466739487,
                "count": 912
            },
            "adjusted": {
                "mean": 0.4725978445510504,
                "median": 0.4856687826381362,
                "std": 0.3136623346187363,
                "count": 1000
            }
        },
        "Aligned Chamfer Distance": {
            "success_only": {
                "mean": 0.09098083944044344,
                "median": 0.05753222666260008,
                "std": 0.0963890482406262,
                "count": 912
            },
            "adjusted": {
                "mean": 0.08297452556968442,
                "median": 0.05024004633799149,
                "std": 0.09558985620391827,
                "count": 1000
            }
        },
        "Aligned Surface IoU": {
            "success_only": {
                "mean": 0.5254589912280702,
                "median": 0.5608,
                "std": 0.3153810457857497,
                "count": 912
            },
            "adjusted": {
                "mean": 0.4792186,
                "median": 0.49715,
                "std": 0.33598354330295754,
                "count": 1000
            }
        },
        "Naive IoU": {
            "success_only": {
                "mean": 0.5820923048415168,
                "median": 0.611865104272393,
                "std": 0.26428760382439503,
                "count": 912
            },
            "adjusted": {
                "mean": 0.5308681820154633,
                "median": 0.5766422224836572,
                "std": 0.3015222109535316,
                "count": 1000
            }
        },
        "Naive Chamfer Distance": {
            "success_only": {
                "mean": 0.06801884992471627,
                "median": 0.046510705095627006,
                "std": 0.07846267399555167,
                "count": 912
            },
            "adjusted": {
                "mean": 0.06203319113134124,
                "median": 0.04230661142680792,
                "std": 0.07736774312623923,
                "count": 1000
            }
        },
        "Naive Surface IoU": {
            "success_only": {
                "mean": 0.6314874451754386,
                "median": 0.673775,
                "std": 0.2538844756144223,
                "count": 912
            },
            "adjusted": {
                "mean": 0.5759165500000001,
                "median": 0.6383,
                "std": 0.30135633181886995,
                "count": 1000
            }
        },
        "token_count": {
            "success_only": {
                "mean": 330.344298245614,
                "median": 326.5,
                "std": 157.35409630821042,
                "count": 912
            },
            "adjusted": {
                "mean": 301.274,
                "median": 306.0,
                "std": 177.04834096663842,
                "count": 1000
            }
        },
        "line_count": {
            "success_only": {
                "mean": 3.148026315789474,
                "median": 3.0,
                "std": 0.3553209266105778,
                "count": 912
            },
            "adjusted": {
                "mean": 2.871,
                "median": 3.0,
                "std": 0.9546047717617335,
                "count": 1000
            }
        },
        "total_operations": {
            "success_only": {
                "mean": 34.52850877192982,
                "median": 35.0,
                "std": 16.319641239920177,
                "count": 912
            },
            "adjusted": {
                "mean": 31.49,
                "median": 33.0,
                "std": 18.402406053246096,
                "count": 1000
            }
        }
    },
    "hard": {
        "Aligned IoU": {
            "success_only": {
                "mean": 0.5628281524087548,
                "median": 0.5974530178393384,