split,aligned_iou_adjusted_median,aligned_chamfer_distance_success_only_median,aligned_surface_iou_adjusted_median,vsr,token_count_success_only_median,total_operations_success_only_median
easy,0.7979577997613403,0.039440690725433825,0.6184000000000001,0.928,185.0,19.0
medium,0.6648813633217421,0.052353004373454685,0.510975,0.931,260.0,28.0
hard,0.4785625744725056,0.07044606635014129,0.35375,0.903,361.0,38.0
