{
    "": {
        "Aligned IoU": {
            "success_only": {
                "mean": 0.6964059764038857,
                "median": 0.8075978922547731,
                "std": 0.2806418546536887,
                "count": 2885
            },
            "adjusted": {
                "mean": 0.66971041397507,
                "median": 0.788401478744807,
                "std": 0.30598034879877195,
                "count": 3000
            }
        },
        "Aligned Chamfer Distance": {
            "success_only": {
                "mean": 0.0894310084123239,
                "median": 0.05133546545329994,
                "std": 0.0965605093056874,
                "count": 2885
            },
            "adjusted": {
                "mean": 0.08600281975651815,
                "median": 0.04887331842942216,
                "std": 0.09623579161937681,
                "count": 3000
            }
        },
        "Aligned Surface IoU": {
            "success_only": {
                "mean": 0.527940849220104,
                "median": 0.5539,
                "std": 0.35263681711425515,
                "count": 2885
            },
            "adjusted": {
                "mean": 0.5077031166666667,
                "median": 0.5212,
                "std": 0.3603643528523899,
                "count": 3000
            }
        },
        "Naive IoU": {
            "success_only": {
                "mean": 0.6828977004353995,
                "median": 0.8099315959832191,
                "std": 0.30688460783062305,
                "count": 2885
            },
            "adjusted": {
                "mean": 0.6567199552520426,
                "median": 0.7959520061742014,
                "std": 0.3282742388255457,
                "count": 3000
            }
        },
        "Naive Chamfer Distance": {
            "success_only": {
                "mean": 0.12112089812879989,
                "median": 0.05108735082766083,
                "std": 0.20877446007192743,
                "count": 2885
            },
            "adjusted": {
                "mean": 0.1164779303671959,
                "median": 0.04811403533013312,
                "std": 0.2060494486091954,
                "count": 3000
            }
        },
        "Naive Surface IoU": {
            "success_only": {
                "mean": 0.555968856152513,
                "median": 0.5735,
                "std": 0.3397925712859512,
                "count": 2885
            },
            "adjusted": {
                "mean": 0.5346567166666667,
                "median": 0.5484,
                "std": 0.34990007960505287,
                "count": 3000
            }
        },
        "token_count": {
            "success_only": {
                "mean": 289.94003466204504,
                "median": 227.0,
                "std": 220.74549694060576,
                "count": 2885
            },
            "adjusted": {
                "mean": 278.8256666666667,
                "median": 222.0,
                "std": 223.51739816768188,
                "count": 3000
            }
        },
        "line_count": {
            "success_only": {
                "mean": 24.368804159445407,
                "median": 20.0,
                "std": 15.640814796820626,
                "count": 2885
            },
            "adjusted": {
                "mean": 23.434666666666665,
                "median": 20.0,
                "std": 16.035983988612916,
                "count": 3000
            }
        },
        "total_operations": {
            "success_only": {
                "mean": 22.429809358752166,
                "median": 18.0,
                "std": 15.774976194068277,
                "count": 2885
            },
            "adjusted": {
                "mean": 21.57,
                "median": 18.0,
                "std": 16.05801108190659,
                "count": 3000
            }
        }
    }
}