{
    "": {
        "Aligned IoU": {
            "success_only": {
                "mean": 0.5460943554280148,
                "median": 0.5811838182027772,
                "std": 0.24134693096739754,
                "count": 2460
            },
            "adjusted": {
                "mean": 0.44779737145097215,
                "median": 0.505764061869151,
                "std": 0.30297186658458797,
                "count": 3000
            }
        },
        "Aligned Chamfer Distance": {
            "success_only": {
                "mean": 0.13100069684558296,
                "median": 0.09448280791419514,
                "std": 0.11599504442630941,
                "count": 2460
            },
            "adjusted": {
                "mean": 0.10742057141337803,
                "median": 0.07437444871771298,
                "std": 0.11647319378826296,
                "count": 3000
            }
        },
        "Aligned Surface IoU": {
            "success_only": {
                "mean": 0.28048422764227643,
                "median": 0.126525,
                "std": 0.2998435744943144,
                "count": 2460
            },
            "adjusted": {
                "mean": 0.2299970666666667,
                "median": 0.0812,
                "std": 0.2921188686120693,
                "count": 3000
            }
        },
        "Naive IoU": {
            "success_only": {
                "mean": 0.355859517870227,
                "median": 0.2893452411074766,
                "std": 0.29319445848855225,
                "count": 2460
            },
            "adjusted": {
                "mean": 0.29180480465358616,
                "median": 0.16966118329271856,
                "std": 0.29863388680304503,
                "count": 3000
            }
        },
        "Naive Chamfer Distance": {
            "success_only": {
                "mean": 0.36317335308218807,
                "median": 0.2455296545443249,
                "std": 0.31848271785205196,
                "count": 2460
            },
            "adjusted": {
                "mean": 0.2978021495273942,
                "median": 0.15729024647315037,
                "std": 0.320377443825056,
                "count": 3000
            }
        },
        "Naive Surface IoU": {
            "success_only": {
                "mean": 0.19325306910569107,
                "median": 0.057225,
                "std": 0.26826436995926534,
                "count": 2460
            },
            "adjusted": {
                "mean": 0.15846751666666667,
                "median": 0.0426,
                "std": 0.25401148004174384,
                "count": 3000
            }
        },
        "token_count": {
            "success_only": {
                "mean": 158.46219512195123,
                "median": 134.0,
                "std": 118.06638127774609,
                "count": 2460
            },
            "adjusted": {
                "mean": 129.939,
                "median": 109.0,
                "std": 123.03334648425897,
                "count": 3000
            }
        },
        "line_count": {
            "success_only": {
                "mean": 29.15650406504065,
                "median": 26.0,
                "std": 20.015170597838466,
                "count": 2460
            },
            "adjusted": {
                "mean": 23.908333333333335,
                "median": 21.0,
                "std": 21.30705503083238,
                "count": 3000
            }
        },
        "total_operations": {
            "success_only": {
                "mean": 15.289430894308943,
                "median": 13.0,
                "std": 10.283337066802007,
                "count": 2460
            },
            "adjusted": {
                "mean": 12.537333333333333,
                "median": 11.0,
                "std": 11.010071757967525,
                "count": 3000
            }
        }
    }
}