{
    "": {
        "Aligned IoU": {
            "success_only": {
                "mean": 0.4410986983150468,
                "median": 0.42378700692558446,
                "std": 0.2717576683191557,
                "count": 2575
            },
            "adjusted": {
                "mean": 0.3786097160537485,
                "median": 0.3440462632359489,
                "std": 0.29504773705599796,
                "count": 3000
            }
        },
        "Aligned Chamfer Distance": {
            "success_only": {
                "mean": 0.14210701790150143,
                "median": 0.12017218939841243,
                "std": 0.10616427247759368,
                "count": 2575
            },
            "adjusted": {
                "mean": 0.1219751903654554,
                "median": 0.10142619149458704,
                "std": 0.11013636318541709,
                "count": 3000
            }
        },
        "Aligned Surface IoU": {
            "success_only": {
                "mean": 0.29985555339805825,
                "median": 0.1944,
                "std": 0.2596074894046904,
                "count": 2575
            },
            "adjusted": {
                "mean": 0.25737601666666665,
                "median": 0.151175,
                "std": 0.26226313299993864,
                "count": 3000
            }
        },
        "Naive IoU": {
            "success_only": {
                "mean": 0.4587146315769087,
                "median": 0.45992734946237357,
                "std": 0.26796022229123817,
                "count": 2575
            },
            "adjusted": {
                "mean": 0.39373005877017997,
                "median": 0.3827947395948438,
                "std": 0.29533396991925653,
                "count": 3000
            }
        },
        "Naive Chamfer Distance": {
            "success_only": {
                "mean": 0.12457403613140286,
                "median": 0.09980004105636955,
                "std": 0.11179878393865098,
                "count": 2575
            },
            "adjusted": {
                "mean": 0.10692604767945413,
                "median": 0.08203964339763625,
                "std": 0.11231807242150287,
                "count": 3000
            }
        },
        "Naive Surface IoU": {
            "success_only": {
                "mean": 0.3689162330097087,
                "median": 0.30665,
                "std": 0.2663946369901567,
                "count": 2575
            },
            "adjusted": {
                "mean": 0.3166531,
                "median": 0.238825,
                "std": 0.2783235894940986,
                "count": 3000
            }
        },
        "token_count": {
            "success_only": {
                "mean": 365.2900970873786,
                "median": 356.0,
                "std": 141.79353471500667,
                "count": 2575
            },
            "adjusted": {
                "mean": 313.54066666666665,
                "median": 328.0,
                "std": 182.99495092372564,
                "count": 3000
            }
        },
        "line_count": {
            "success_only": {
                "mean": 3.8555339805825244,
                "median": 4.0,
                "std": 0.3516299270331712,
                "count": 2575
            },
            "adjusted": {
                "mean": 3.3093333333333335,
                "median": 4.0,
                "std": 1.3835766393642797,
                "count": 3000
            }
        },
        "total_operations": {
            "success_only": {
                "mean": 38.959223300970876,
                "median": 38.0,
                "std": 14.759437453964804,
                "count": 2575
            },
            "adjusted": {
                "mean": 33.44,
                "median": 35.0,
                "std": 19.276780456158104,
                "count": 3000
            }
        }
    }
}