{
    "easy": {
        "Aligned IoU": {
            "success_only": {
                "mean": 0.6150851425922842,
                "median": 0.6542582544295595,
                "std": 0.2416249355259207,
                "count": 909
            },
            "adjusted": {
                "mean": 0.5591123946163864,
                "median": 0.6178026871396785,
                "std": 0.29050104545135486,
                "count": 1000
            }
        },
        "Aligned Chamfer Distance": {
            "success_only": {
                "mean": 0.10143961087874029,
                "median": 0.06779913460391024,
                "std": 0.10554723293618377,
                "count": 909
            },
            "adjusted": {
                "mean": 0.09220860628877492,
                "median": 0.05977313750726626,
                "std": 0.10477344048563833,
                "count": 1000
            }
        },
        "Aligned Surface IoU": {
            "success_only": {
                "mean": 0.37960577557755776,
                "median": 0.2237,
                "std": 0.34775545781270223,
                "count": 909
            },
            "adjusted": {
                "mean": 0.34506165,
                "median": 0.17307499999999998,
                "std": 0.3490696865639515,
                "count": 1000
            }
        },
        "Naive IoU": {
            "success_only": {
                "mean": 0.29670315297148414,
                "median": 0.17308732410907282,
                "std": 0.2978586353059328,
                "count": 909
            },
            "adjusted": {
                "mean": 0.26970316605107914,
                "median": 0.1340057688917432,
                "std": 0.2965256439331562,
                "count": 1000
            }
        },
        "Naive Chamfer Distance": {
            "success_only": {
                "mean": 0.4725181052810099,
                "median": 0.47160999477508414,
                "std": 0.3515288930009334,
                "count": 909
            },
            "adjusted": {
                "mean": 0.429518957700438,
                "median": 0.4057821321249746,
                "std": 0.36166785804697954,
                "count": 1000
            }
        },
        "Naive Surface IoU": {
            "success_only": {
                "mean": 0.1740545104510451,
                "median": 0.04955,
                "std": 0.2632352367132385,
                "count": 909
            },
            "adjusted": {
                "mean": 0.15821555,
                "median": 0.044774999999999995,
                "std": 0.2559087969043476,
                "count": 1000
            }
        },
        "token_count": {
            "success_only": {
                "mean": 75.07040704070407,
                "median": 55.0,
                "std": 63.887855128998595,
                "count": 909
            },
            "adjusted": {
                "mean": 68.239,
                "median": 50.5,
                "std": 64.6257717119832,
                "count": 1000
            }
        },
        "line_count": {
            "success_only": {
                "mean": 15.295929592959295,
                "median": 13.0,
                "std": 10.613836189419462,
                "count": 909
            },
            "adjusted": {
                "mean": 13.904,
                "median": 12.0,
                "std": 11.03469748332724,
                "count": 1000
            }
        },
        "total_operations": {
            "success_only": {
                "mean": 6.104510451045105,
                "median": 6.0,
                "std": 3.6373417441618487,
                "count": 909
            },
            "adjusted": {
                "mean": 5.549,
                "median": 5.0,
                "std": 3.8872496330580195,
                "count": 1000
            }
        }
    },
    "medium": {
        "Aligned IoU": {
            "success_only": {
                "mean": 0.5067305860589852,
                "median": 0.5300636776600028,
                "std": 0.23445999139141488,
                "count": 848
            },
            "adjusted": {
                "mean": 0.4297075369780195,
                "median": 0.4718767780676435,
                "std": 0.2823791292745479,
                "count": 1000
            }
        },
        "Aligned Chamfer Distance": {
            "success_only": {
                "mean": 0.12539043511207218,
                "median": 0.09150965745379323,
                "std": 0.11241791000700477,
                "count": 848
            },
            "adjusted": {
                "mean": 0.10633108897503721,
                "median": 0.0752223179102095,
                "std": 0.11288733204820019,
                "count": 1000
            }
        },
        "Aligned Surface IoU": {
            "success_only": {
                "mean": 0.3023119103773585,
                "median": 0.16244999999999998,
                "std": 0.2949387156235647,
                "count": 848
            },
            "adjusted": {
                "mean": 0.2563605,
                "median": 0.113125,
                "std": 0.29248115204924574,
                "count": 1000
            }
        },
        "Naive IoU": {
            "success_only": {
                "mean": 0.22226493052342056,
                "median": 0.11649471402327181,
                "std": 0.24599424426660024,
                "count": 848
            },
            "adjusted": {
                "mean": 0.18848066108386063,
                "median": 0.0748150045182348,
                "std": 0.2401666399168441,
                "count": 1000
            }
        },
        "Naive Chamfer Distance": {
            "success_only": {
                "mean": 0.49007337875257473,
                "median": 0.4551270895222037,
                "std": 0.33545078252515065,
                "count": 848
            },
            "adjusted": {
                "mean": 0.41558222518218335,
                "median": 0.35844985587329947,
                "std": 0.35551955670835944,
                "count": 1000
            }
        },
        "Naive Surface IoU": {
            "success_only": {
                "mean": 0.13626474056603774,
                "median": 0.04745,
                "std": 0.20643407389838656,
                "count": 848
            },
            "adjusted": {
                "mean": 0.11555249999999999,
                "median": 0.0393,
                "std": 0.19628246416705053,
                "count": 1000
            }
        },
        "token_count": {
            "success_only": {
                "mean": 146.35966981132074,
                "median": 124.0,
                "std": 95.00576817576767,
                "count": 848
            },
            "adjusted": {
                "mean": 124.113,
                "median": 106.0,
                "std": 102.06184816988107,
                "count": 1000
            }
        },
        "line_count": {
            "success_only": {
                "mean": 28.81014150943396,
                "median": 27.0,
                "std": 14.24380528925069,
                "count": 848
            },
            "adjusted": {
                "mean": 24.431,
                "median": 24.0,
                "std": 16.706595983304,
                "count": 1000
            }
        },
        "total_operations": {
            "success_only": {
                "mean": 11.85377358490566,
                "median": 10.0,
                "std": 7.860341470552124,
                "count": 848
            },
            "adjusted": {
                "mean": 10.052,
                "median": 9.0,
                "std": 8.397250133812244,
                "count": 1000
            }
        }
    },
    "hard": {
        "Aligned IoU": {
            "success_only": {
                "mean": 0.4619094119450392,