{
    "": {
        "Aligned IoU": {
            "success_only": {
                "mean": 0.42869688892089397,
                "median": 0.4318823905281403,
                "std": 0.2581102969731353,
                "count": 1769
            },
            "adjusted": {
                "mean": 0.25278826550035377,
                "median": 0.12415219426493321,
                "std": 0.2894088578485434,
                "count": 3000
            }
        },
        "Aligned Chamfer Distance": {
            "success_only": {
                "mean": 0.16722473831849197,
                "median": 0.1285166478593878,
                "std": 0.13310339504759527,
                "count": 1769
            },
            "adjusted": {
                "mean": 0.09860685402847076,
                "median": 0.05283114278169264,
                "std": 0.13119780271817927,
                "count": 3000
            }
        },
        "Aligned Surface IoU": {
            "success_only": {
                "mean": 0.23970652911249293,
                "median": 0.13365,
                "std": 0.24346293159214039,
                "count": 1769
            },
            "adjusted": {
                "mean": 0.14134695,
                "median": 0.046075000000000005,
                "std": 0.22102346394384328,
                "count": 3000
            }
        },
        "Naive IoU": {
            "success_only": {
                "mean": 0.2026801263404781,
                "median": 0.10496053991306585,
                "std": 0.23412760932637977,
                "count": 1769
            },
            "adjusted": {
                "mean": 0.11951371449876859,
                "median": 0.013213200780524313,
                "std": 0.20556836864818692,
                "count": 3000
            }
        },
        "Naive Chamfer Distance": {
            "success_only": {
                "mean": 0.49208167884261145,
                "median": 0.4595651078730914,
                "std": 0.31628613399044714,
                "count": 1769
            },
            "adjusted": {
                "mean": 0.29016416329085987,
                "median": 0.13053128250783474,
                "std": 0.34290452333860555,
                "count": 3000
            }
        },
        "Naive Surface IoU": {
            "success_only": {
                "mean": 0.1051129451667609,
                "median": 0.04405,
                "std": 0.16507185480113246,
                "count": 1769
            },
            "adjusted": {
                "mean": 0.061981600000000005,
                "median": 0.019999999999999997,
                "std": 0.13688744721793136,
                "count": 3000
            }
        },
        "token_count": {
            "success_only": {
                "mean": 309.81232334652344,
                "median": 241.0,
                "std": 380.04729529099944,
                "count": 1769
            },
            "adjusted": {
                "mean": 182.686,
                "median": 71.0,
                "std": 329.21306852173285,
                "count": 3000
            }
        },
        "line_count": {
            "success_only": {
                "mean": 43.27812323346524,
                "median": 39.0,
                "std": 45.15430534842029,
                "count": 1769
            },
            "adjusted": {
                "mean": 25.519666666666666,
                "median": 15.0,
                "std": 40.68587051924607,
                "count": 3000
            }
        },
        "total_operations": {
            "success_only": {
                "mean": 26.646127755794232,
                "median": 18.0,
                "std": 42.26454926318646,
                "count": 1769
            },
            "adjusted": {
                "mean": 15.712333333333333,
                "median": 4.0,
                "std": 34.998931740314696,
                "count": 3000
            }
        }
    }
}