split,aligned_iou_adjusted_median,aligned_chamfer_distance_success_only_median,aligned_surface_iou_adjusted_median,vsr,token_count_success_only_median,total_operations_success_only_median
easy,0.5982290937242514,0.06821047473554509,0.229375,0.932,79.0,7.0
medium,0.23563058328800457,0.07135913205297253,0.11574999999999999,0.659,299.0,18.0
hard,0.23185993200036287,0.05394142247505506,0.07772499999999999,0.589,253.0,13.0
