{
    "": {
        "Aligned IoU": {
            "success_only": {
                "mean": 0.6967692272503362,
                "median": 0.8136872474377015,
                "std": 0.28212543306583165,
                "count": 2894
            },
            "adjusted": {
                "mean": 0.672150047887491,
                "median": 0.7986182505978283,
                "std": 0.30550740480227456,
                "count": 3000
            }
        },
        "Aligned Chamfer Distance": {
            "success_only": {
                "mean": 0.0911095881385991,
                "median": 0.050256193190276105,
                "std": 0.10179583522804078,
                "count": 2894
            },
            "adjusted": {
                "mean": 0.08789038269103526,
                "median": 0.047806063190222625,
                "std": 0.10138621046567815,
                "count": 3000
            }
        },
        "Aligned Surface IoU": {
            "success_only": {
                "mean": 0.5278442294402211,
                "median": 0.55105,
                "std": 0.35288930835872534,
                "count": 2894
            },
            "adjusted": {
                "mean": 0.5091937333333334,
                "median": 0.524075,
                "std": 0.3600405374541395,
                "count": 3000
            }
        },
        "Naive IoU": {
            "success_only": {
                "mean": 0.6810960939135424,
                "median": 0.8120091054898606,
                "std": 0.31122262193895134,
                "count": 2894
            },
            "adjusted": {
                "mean": 0.657030698595264,
                "median": 0.8007103040551429,
                "std": 0.33053439357870357,
                "count": 3000
            }
        },
        "Naive Chamfer Distance": {
            "success_only": {
                "mean": 0.12332101116019112,
                "median": 0.049794358055915644,
                "std": 0.2164028497973179,
                "count": 2894
            },
            "adjusted": {
                "mean": 0.11896366876586437,
                "median": 0.0473338476698033,
                "std": 0.21376041053195066,
                "count": 3000
            }
        },
        "Naive Surface IoU": {
            "success_only": {
                "mean": 0.5560259156876295,
                "median": 0.56945,
                "std": 0.3400969659041187,
                "count": 2894
            },
            "adjusted": {
                "mean": 0.5363796666666666,
                "median": 0.5458000000000001,
                "std": 0.3494554082149328,
                "count": 3000
            }
        },
        "token_count": {
            "success_only": {
                "mean": 287.1945404284727,
                "median": 227.0,
                "std": 215.20673384043022,
                "count": 2894
            },
            "adjusted": {
                "mean": 277.047,
                "median": 222.0,
                "std": 217.9202833016959,
                "count": 3000
            }
        },
        "line_count": {
            "success_only": {
                "mean": 24.236351071181755,
                "median": 20.0,
                "std": 15.215110831132098,
                "count": 2894
            },
            "adjusted": {
                "mean": 23.38,
                "median": 20.0,
                "std": 15.599531460718017,
                "count": 3000
            }
        },
        "total_operations": {
            "success_only": {
                "mean": 22.27781617138908,
                "median": 18.0,
                "std": 15.258150041490236,
                "count": 2894
            },
            "adjusted": {
                "mean": 21.490666666666666,
                "median": 18.0,
                "std": 15.540412296986926,
                "count": 3000
            }
        }
    }
}