split,aligned_iou_adjusted_median,aligned_chamfer_distance_success_only_median,aligned_surface_iou_adjusted_median,vsr,token_count_success_only_median,total_operations_success_only_median
easy,0.03955374145903714,0.3977241585105083,0.03535,0.875,141.0,16.0
medium,0.03073389959668482,0.3818954720955513,0.036925,0.729,323.0,35.0
hard,0.02179520153456491,0.37667752796676374,0.037025,0.675,362.0,39.0
