{
    "easy": {
        "Aligned IoU": {
            "success_only": {
                "mean": 0.18501566239505557,
                "median": 0.12151525876753895,
                "std": 0.18615134399746897,
                "count": 939
            },
            "adjusted": {
                "mean": 0.17372970698895718,
                "median": 0.10442112156420856,
                "std": 0.18573928949861812,
                "count": 1000
            }
        },
        "Aligned Chamfer Distance": {
            "success_only": {
                "mean": 0.3802112450957432,
                "median": 0.3587080740374622,
                "std": 0.1705617911547829,
                "count": 939
            },
            "adjusted": {
                "mean": 0.3570183591449029,
                "median": 0.345502109731479,
                "std": 0.18868903549153793,
                "count": 1000
            }
        },
        "Aligned Surface IoU": {
            "success_only": {
                "mean": 0.06510718849840255,
                "median": 0.03325,
                "std": 0.10761248069365485,
                "count": 939
            },
            "adjusted": {
                "mean": 0.06113565,
                "median": 0.031025,
                "std": 0.10543423217291151,
                "count": 1000
            }
        },
        "Naive IoU": {
            "success_only": {
                "mean": 0.0935154991785667,
                "median": 0.039469085346030074,
                "std": 0.12729093096311447,
                "count": 939
            },
            "adjusted": {
                "mean": 0.08781105372867413,
                "median": 0.03381893303503357,
                "std": 0.12535958147456605,
                "count": 1000
            }
        },
        "Naive Chamfer Distance": {
            "success_only": {
                "mean": 0.6276338189087008,
                "median": 0.6101960484500255,
                "std": 0.27440030070780563,
                "count": 939
            },
            "adjusted": {
                "mean": 0.58934815595527,
                "median": 0.583462185440484,
                "std": 0.3054244119406692,
                "count": 1000
            }
        },
        "Naive Surface IoU": {
            "success_only": {
                "mean": 0.045967678381256656,
                "median": 0.02695,
                "std": 0.08152251135555966,
                "count": 939
            },
            "adjusted": {
                "mean": 0.04316365,
                "median": 0.025225,
                "std": 0.07975754630359358,
                "count": 1000
            }
        },
        "token_count": {
            "success_only": {
                "mean": 167.10010649627264,
                "median": 134.0,
                "std": 136.8129183088839,
                "count": 939
            },
            "adjusted": {
                "mean": 156.907,
                "median": 128.0,
                "std": 138.47677844739584,
                "count": 1000
            }
        },
        "line_count": {
            "success_only": {
                "mean": 13.87220447284345,
                "median": 12.0,
                "std": 6.343126203944689,
                "count": 939
            },
            "adjusted": {
                "mean": 13.026,
                "median": 12.0,
                "std": 6.986568266047079,
                "count": 1000
            }
        },
        "total_operations": {
            "success_only": {
                "mean": 11.89776357827476,
                "median": 10.0,
                "std": 6.355678865526464,
                "count": 939
            },
            "adjusted": {
                "mean": 11.172,
                "median": 10.0,
                "std": 6.785606860146002,
                "count": 1000
            }
        }
    },
    "medium": {
        "Aligned IoU": {
            "success_only": {
                "mean": 0.16207119402163728,
                "median": 0.10558780894798755,
                "std": 0.15773635194455002,
                "count": 965
            },
            "adjusted": {
                "mean": 0.15639870223087995,
                "median": 0.09980250900479938,
                "std": 0.15778820283572206,
                "count": 1000
            }
        },
        "Aligned Chamfer Distance": {
            "success_only": {
                "mean": 0.3871161203991951,
                "median": 0.36682700137987967,
                "std": 0.1681543358418372,
                "count": 965
            },
            "adjusted": {
                "mean": 0.37356705618522323,
                "median": 0.3596491541665735,
                "std": 0.17986601895804682,
                "count": 1000
            }
        },
        "Aligned Surface IoU": {
            "success_only": {
                "mean": 0.06281818652849741,
                "median": 0.03935,
                "std": 0.07758132972109322,
                "count": 965
            },
            "adjusted": {
                "mean": 0.06061955,
                "median": 0.0382,
                "std": 0.07708051261974859,
                "count": 1000
            }
        },
        "Naive IoU": {
            "success_only": {
                "mean": 0.07145712065588121,
                "median": 0.02924817486244899,
                "std": 0.09937419833212534,
                "count": 965
            },
            "adjusted": {
                "mean": 0.06895612143292537,
                "median": 0.0276636616552422,
                "std": 0.09849814240757356,
                "count": 1000
            }
        },
        "Naive Chamfer Distance": {
            "success_only": {
                "mean": 0.652970407032324,
                "median": 0.6229911524829742,
                "std": 0.2700468340633217,
                "count": 965
            },
            "adjusted": {
                "mean": 0.6301164427861927,
                "median": 0.6113885426192807,
                "std": 0.29117937106694025,
                "count": 1000
            }
        },
        "Naive Surface IoU": {
            "success_only": {
                "mean": 0.038844559585492225,
                "median": 0.0261,
                "std": 0.050668033822004424,
                "count": 965
            },
            "adjusted": {
                "mean": 0.037485,
                "median": 0.02565,
                "std": 0.050282403234880035,
                "count": 1000
            }
        },
        "token_count": {
            "success_only": {
                "mean": 192.80932642487048,
                "median": 168.0,
                "std": 120.52291373222074,
                "count": 965
            },
            "adjusted": {
                "mean": 186.061,
                "median": 165.5,
                "std": 123.58688845503801,
                "count": 1000
            }
        },
        "line_count": {
            "success_only": {
                "mean": 16.818652849740932,
                "median": 16.0,
                "std": 6.823141019356523,
                "count": 965
            },
            "adjusted": {
                "mean": 16.23,
                "median": 16.0,
                "std": 7.381570807598313,
                "count": 1000
            }
        },
        "total_operations": {
            "success_only": {
                "mean": 14.831088082901555,
                "median": 14.0,
                "std": 6.828323621716913,
                "count": 965
            },
            "adjusted": {
                "mean": 14.312,
                "median": 14.0,
                "std": 7.240793125416931,
                "count": 1000
            }
        }
    },
    "hard": {
        "Aligned IoU": {
            "success_only": {
                "mean": 0.16031465611403087,
                "median": 0.10292569433588264,