split,aligned_iou_adjusted_median,aligned_chamfer_distance_success_only_median,aligned_surface_iou_adjusted_median,vsr,token_count_success_only_median,total_operations_success_only_median
easy,0.4991933066568071,0.1124889157789554,0.09770000000000001,0.878,98.5,10.0
medium,0.30458511956521783,0.11922672910711016,0.10550000000000001,0.766,253.0,21.0
hard,0.27728178496835865,0.09245291089856028,0.0942,0.704,291.5,21.0
