{
    "": {
        "Aligned IoU": {
            "success_only": {
                "mean": 0.11319261870546388,
                "median": 0.06197746552157958,
                "std": 0.14214084259724097,
                "count": 2118
            },
            "adjusted": {
                "mean": 0.0799139888060575,
                "median": 0.025055762909185826,
                "std": 0.13008601647971843,
                "count": 3000
            }
        },
        "Aligned Chamfer Distance": {
            "success_only": {
                "mean": 0.393024651560506,
                "median": 0.3579844067486403,
                "std": 0.18712223908774997,
                "count": 2118
            },
            "adjusted": {
                "mean": 0.2774754040017172,
                "median": 0.2865731405561749,
                "std": 0.23830596620565006,
                "count": 3000
            }
        },
        "Aligned Surface IoU": {
            "success_only": {
                "mean": 0.07959289423984892,
                "median": 0.05315,
                "std": 0.09307852028213248,
                "count": 2118
            },
            "adjusted": {
                "mean": 0.05619258333333334,
                "median": 0.033525,
                "std": 0.08620337800778473,
                "count": 3000
            }
        },
        "Naive IoU": {
            "success_only": {
                "mean": 0.04373930659262713,
                "median": 0.010317573274152166,
                "std": 0.0915617403240033,
                "count": 2118
            },
            "adjusted": {
                "mean": 0.03087995045439475,
                "median": 0.0014078787766182996,
                "std": 0.0794681995861736,
                "count": 3000
            }
        },
        "Naive Chamfer Distance": {
            "success_only": {
                "mean": 0.7564055918852063,
                "median": 0.7033893942297414,
                "std": 0.31772048618165344,
                "count": 2118
            },
            "adjusted": {
                "mean": 0.5340223478709556,
                "median": 0.5615357282738936,
                "std": 0.4359534586561576,
                "count": 3000
            }
        },
        "Naive Surface IoU": {
            "success_only": {
                "mean": 0.026699126534466478,
                "median": 0.02235,
                "std": 0.028908194241842305,
                "count": 2118
            },
            "adjusted": {
                "mean": 0.018849583333333333,
                "median": 0.01175,
                "std": 0.027164696192536388,
                "count": 3000
            }
        },
        "token_count": {
            "success_only": {
                "mean": 278.49811142587345,
                "median": 235.0,
                "std": 151.86786249308008,
                "count": 2118
            },
            "adjusted": {
                "mean": 196.61966666666666,
                "median": 176.0,
                "std": 179.9585953635931,
                "count": 3000
            }
        },
        "line_count": {
            "success_only": {
                "mean": 3.4702549575070822,
                "median": 3.0,
                "std": 0.4992323168141304,
                "count": 2118
            },
            "adjusted": {
                "mean": 2.45,
                "median": 3.0,
                "std": 1.6359682547990455,
                "count": 3000
            }
        },
        "total_operations": {
            "success_only": {
                "mean": 29.033522190745988,
                "median": 24.0,
                "std": 16.597184057025895,
                "count": 2118
            },
            "adjusted": {
                "mean": 20.497666666666667,
                "median": 17.0,
                "std": 19.221753817714784,
                "count": 3000
            }
        }
    }
}