{
    "": {
        "Aligned IoU": {
            "success_only": {
                "mean": 0.2291490653067735,
                "median": 0.16152238298671293,
                "std": 0.21416685416987713,
                "count": 2886
            },
            "adjusted": {
                "mean": 0.2204414008251161,
                "median": 0.15063709106145126,
                "std": 0.2145788136848743,
                "count": 3000
            }
        },
        "Aligned Chamfer Distance": {
            "success_only": {
                "mean": 0.3208765483671191,
                "median": 0.2937378152636714,
                "std": 0.20046553514278412,
                "count": 2886
            },
            "adjusted": {
                "mean": 0.3086832395291686,
                "median": 0.28552468380512214,
                "std": 0.2059707802746952,
                "count": 3000
            }
        },
        "Aligned Surface IoU": {
            "success_only": {
                "mean": 0.10720327442827442,
                "median": 0.0561,
                "std": 0.1584134858899479,
                "count": 2886
            },
            "adjusted": {
                "mean": 0.10312955,
                "median": 0.0535,
                "std": 0.1567200445276535,
                "count": 3000
            }
        },
        "Naive IoU": {
            "success_only": {
                "mean": 0.15714718026317465,
                "median": 0.06702115363186491,
                "std": 0.20216222992722416,
                "count": 2886
            },
            "adjusted": {
                "mean": 0.15117558741317402,
                "median": 0.061985442524139595,
                "std": 0.2005469169005459,
                "count": 3000
            }
        },
        "Naive Chamfer Distance": {
            "success_only": {
                "mean": 0.5045916642241821,
                "median": 0.5078159233899886,
                "std": 0.29717375118184974,
                "count": 2886
            },
            "adjusted": {
                "mean": 0.48541718098366315,
                "median": 0.4868784894892745,
                "std": 0.3070276559450105,
                "count": 3000
            }
        },
        "Naive Surface IoU": {
            "success_only": {
                "mean": 0.0840386347886348,
                "median": 0.0347,
                "std": 0.15115495260651243,
                "count": 2886
            },
            "adjusted": {
                "mean": 0.08084516666666668,
                "median": 0.0328,
                "std": 0.14912268639223827,
                "count": 3000
            }
        },
        "token_count": {
            "success_only": {
                "mean": 639.9559944559944,
                "median": 615.0,
                "std": 229.2531203934956,
                "count": 2886
            },
            "adjusted": {
                "mean": 615.6376666666666,
                "median": 613.0,
                "std": 255.9988909975059,
                "count": 3000
            }
        },
        "line_count": {
            "success_only": {
                "mean": 36.92342342342342,
                "median": 36.0,
                "std": 14.324441627145148,
                "count": 2886
            },
            "adjusted": {
                "mean": 35.52033333333333,
                "median": 33.0,
                "std": 15.724015648414778,
                "count": 3000
            }
        },
        "total_operations": {
            "success_only": {
                "mean": 77.55232155232156,
                "median": 77.0,
                "std": 28.28896202452145,
                "count": 2886
            },
            "adjusted": {
                "mean": 74.60533333333333,
                "median": 74.0,
                "std": 31.46076124404664,
                "count": 3000
            }
        }
    }
}