split,aligned_iou_adjusted_median,aligned_chamfer_distance_success_only_median,aligned_surface_iou_adjusted_median,vsr,token_count_success_only_median,total_operations_success_only_median
easy,0.6916065679666483,0.06423010481438796,0.24395,0.956,55.0,5.0
medium,0.5654387687579121,0.08535282028217245,0.15252500000000002,0.918,102.0,8.0
hard,0.43770291277148415,0.11453985175185394,0.10289999999999999,0.861,167.0,13.0
