{
    "": {
        "Aligned IoU": {
            "success_only": {
                "mean": 0.3875704339821665,
                "median": 0.3709929812001846,
                "std": 0.23183601060850056,
                "count": 1067
            },
            "adjusted": {
                "mean": 0.13784588435299056,
                "median": 0.0,
                "std": 0.2313866486530564,
                "count": 3000
            }
        },
        "Aligned Chamfer Distance": {
            "success_only": {
                "mean": 0.20455912629091272,
                "median": 0.17995909295466397,
                "std": 0.13805898828954527,
                "count": 1067
            },
            "adjusted": {
                "mean": 0.07275486258413463,
                "median": 0.0,
                "std": 0.1279359656249167,
                "count": 3000
            }
        },
        "Aligned Surface IoU": {
            "success_only": {
                "mean": 0.13849156513589503,
                "median": 0.05155,
                "std": 0.20972894418102003,
                "count": 1067
            },
            "adjusted": {
                "mean": 0.04925683333333333,
                "median": 0.0,
                "std": 0.1415339935801708,
                "count": 3000
            }
        },
        "Naive IoU": {
            "success_only": {
                "mean": 0.27155390925881284,
                "median": 0.19277757453065872,
                "std": 0.2421263628577527,
                "count": 1067
            },
            "adjusted": {
                "mean": 0.09658267372638443,
                "median": 0.0,
                "std": 0.19427622061419056,
                "count": 3000
            }
        },
        "Naive Chamfer Distance": {
            "success_only": {
                "mean": 0.39509689749961496,
                "median": 0.3248610909725478,
                "std": 0.2925119764770374,
                "count": 1067
            },
            "adjusted": {
                "mean": 0.14052279654402972,
                "median": 0.0,
                "std": 0.2572916789000777,
                "count": 3000
            }
        },
        "Naive Surface IoU": {
            "success_only": {
                "mean": 0.1162886129334583,
                "median": 0.0447,
                "std": 0.18562747234415755,
                "count": 1067
            },
            "adjusted": {
                "mean": 0.04135998333333333,
                "median": 0.0,
                "std": 0.12388737633500618,
                "count": 3000
            }
        },
        "token_count": {
            "success_only": {
                "mean": 124.10309278350516,
                "median": 114.0,
                "std": 72.73230015430063,
                "count": 1067
            },
            "adjusted": {
                "mean": 44.13933333333333,
                "median": 0.0,
                "std": 73.5599048809262,
                "count": 3000
            }
        },
        "line_count": {
            "success_only": {
                "mean": 22.770384254920337,
                "median": 22.0,
                "std": 10.985695293049131,
                "count": 1067
            },
            "adjusted": {
                "mean": 8.098666666666666,
                "median": 0.0,
                "std": 12.718445312718574,
                "count": 3000
            }
        },
        "total_operations": {
            "success_only": {
                "mean": 11.623242736644798,
                "median": 11.0,
                "std": 6.875231094879864,
                "count": 1067
            },
            "adjusted": {
                "mean": 4.134,
                "median": 0.0,
                "std": 6.911775088809876,
                "count": 3000
            }
        }
    }
}