{
    "easy": {
        "Aligned IoU": {
            "success_only": {
                "mean": 0.34466999650688174,
                "median": 0.316967120074986,
                "std": 0.23224334863364304,
                "count": 973
            },
            "adjusted": {
                "mean": 0.3353639066011959,
                "median": 0.306588135703742,
                "std": 0.2358034513628404,
                "count": 1000
            }
        },
        "Aligned Chamfer Distance": {
            "success_only": {
                "mean": 0.22702118555754963,
                "median": 0.2043968465389771,
                "std": 0.14069386894834582,
                "count": 973
            },
            "adjusted": {
                "mean": 0.22089161354749579,
                "median": 0.19935079691920304,
                "std": 0.14357958592897485,
                "count": 1000
            }
        },
        "Aligned Surface IoU": {
            "success_only": {
                "mean": 0.14760385405960946,
                "median": 0.065,
                "std": 0.19859573597065877,
                "count": 973
            },
            "adjusted": {
                "mean": 0.14361855,
                "median": 0.0629,
                "std": 0.19735057569747727,
                "count": 1000
            }
        },
        "Naive IoU": {
            "success_only": {
                "mean": 0.2571846410620201,
                "median": 0.1911452544506455,
                "std": 0.2376689836173552,
                "count": 973
            },
            "adjusted": {
                "mean": 0.25024065575334553,
                "median": 0.18113939695642126,
                "std": 0.23811612549016004,
                "count": 1000
            }
        },
        "Naive Chamfer Distance": {
            "success_only": {
                "mean": 0.36203606003057665,
                "median": 0.30370659515485554,
                "std": 0.25573436332848976,
                "count": 973
            },
            "adjusted": {
                "mean": 0.3522610864097511,
                "median": 0.29274331579130186,
                "std": 0.25899668895717703,
                "count": 1000
            }
        },
        "Naive Surface IoU": {
            "success_only": {
                "mean": 0.12930909558067832,
                "median": 0.06045,
                "std": 0.17389460225202805,
                "count": 973
            },
            "adjusted": {
                "mean": 0.12581775,
                "median": 0.0591,
                "std": 0.17280557395184437,
                "count": 1000
            }
        },
        "token_count": {
            "success_only": {
                "mean": 340.1377183967112,
                "median": 268.0,
                "std": 203.97708140477522,
                "count": 973
            },
            "adjusted": {
                "mean": 330.954,
                "median": 268.0,
                "std": 208.62544538109543,
                "count": 1000
            }
        },
        "line_count": {
            "success_only": {
                "mean": 17.896197327852004,
                "median": 16.0,
                "std": 11.325456409834565,
                "count": 973
            },
            "adjusted": {
                "mean": 17.413,
                "median": 13.0,
                "std": 11.542168455392293,
                "count": 1000
            }
        },
        "total_operations": {
            "success_only": {
                "mean": 40.03905447070915,
                "median": 32.0,
                "std": 24.634081662444185,
                "count": 973
            },
            "adjusted": {
                "mean": 38.958,
                "median": 31.0,
                "std": 25.15143794757728,
                "count": 1000
            }
        }
    },
    "medium": {
        "Aligned IoU": {
            "success_only": {
                "mean": 0.2501224644358853,
                "median": 0.20443893668975532,
                "std": 0.19353643237903875,
                "count": 924
            },
            "adjusted": {
                "mean": 0.23111315713875802,
                "median": 0.18916380367524482,
                "std": 0.1974956131133011,
                "count": 1000
            }
        },
        "Aligned Chamfer Distance": {
            "success_only": {
                "mean": 0.24971178385639042,
                "median": 0.22088311913985081,
                "std": 0.1511577767673122,
                "count": 924
            },
            "adjusted": {
                "mean": 0.23073368828330476,
                "median": 0.20895811323024086,
                "std": 0.15966748358063862,
                "count": 1000
            }
        },
        "Aligned Surface IoU": {
            "success_only": {
                "mean": 0.15000854978354977,
                "median": 0.07705,
                "std": 0.18032018835307562,
                "count": 924
            },
            "adjusted": {
                "mean": 0.1386079,
                "median": 0.069575,
                "std": 0.17783006064233925,
                "count": 1000
            }
        },
        "Naive IoU": {
            "success_only": {
                "mean": 0.16904671002352314,
                "median": 0.10335452863046057,
                "std": 0.1759723274106722,
                "count": 924
            },
            "adjusted": {
                "mean": 0.1561991600617354,
                "median": 0.08914976212407813,
                "std": 0.17498358140084957,
                "count": 1000
            }
        },
        "Naive Chamfer Distance": {
            "success_only": {
                "mean": 0.3626166772098805,
                "median": 0.310583610421549,
                "std": 0.2400325504276252,
                "count": 924
            },
            "adjusted": {
                "mean": 0.3350578097419296,
                "median": 0.29430940610059675,
                "std": 0.24995101800869896,
                "count": 1000
            }
        },
        "Naive Surface IoU": {
            "success_only": {
                "mean": 0.12121688311688313,
                "median": 0.062625,
                "std": 0.15326163214935015,
                "count": 924
            },
            "adjusted": {
                "mean": 0.1120044,
                "median": 0.05555,
                "std": 0.1507814269874256,
                "count": 1000
            }
        },
        "token_count": {
            "success_only": {
                "mean": 564.7132034632035,
                "median": 557.5,
                "std": 265.7539388453696,
                "count": 924
            },
            "adjusted": {
                "mean": 521.795,
                "median": 518.0,
                "std": 296.0898380005081,
                "count": 1000
            }
        },
        "line_count": {
            "success_only": {
                "mean": 27.047619047619047,
                "median": 26.0,
                "std": 16.737534931455574,
                "count": 924
            },
            "adjusted": {
                "mean": 24.992,
                "median": 22.0,
                "std": 17.61414755797721,
                "count": 1000
            }
        },
        "total_operations": {
            "success_only": {
                "mean": 66.57683982683983,
                "median": 65.0,
                "std": 32.785516323167755,
                "count": 924
            },
            "adjusted": {
                "mean": 61.517,
                "median": 61.0,
                "std": 36.1205537804365,
                "count": 1000
            }
        }
    },
    "hard": {
        "Aligned IoU": {
            "success_only": {
                "mean": 0.26272293111161843,
                "median": 0.22427316930992933,