{
    "easy": {
        "Aligned IoU": {
            "success_only": {
                "mean": 0.2159921152251367,
                "median": 0.12153641299448056,
                "std": 0.23165560961949114,
                "count": 994
            },
            "adjusted": {
                "mean": 0.21469616253378587,
                "median": 0.12037683793442824,
                "std": 0.23156106714077535,
                "count": 1000
            }
        },
        "Aligned Chamfer Distance": {
            "success_only": {
                "mean": 0.42409378278805837,
                "median": 0.3675500801162275,
                "std": 0.27052400927432063,
                "count": 994
            },
            "adjusted": {
                "mean": 0.42154922009133,
                "median": 0.36641844288685155,
                "std": 0.27169363770567895,
                "count": 1000
            }
        },
        "Aligned Surface IoU": {
            "success_only": {
                "mean": 0.13886106639839033,
                "median": 0.05805,
                "std": 0.18745863586238254,
                "count": 994
            },
            "adjusted": {
                "mean": 0.13802789999999998,
                "median": 0.057550000000000004,
                "std": 0.18720256404915128,
                "count": 1000
            }
        },
        "Naive IoU": {
            "success_only": {
                "mean": 0.10076326569962175,
                "median": 0.00517668479713157,
                "std": 0.1834807585885925,
                "count": 994
            },
            "adjusted": {
                "mean": 0.10015868610542403,
                "median": 0.004631286089402371,
                "std": 0.18309453830903638,
                "count": 1000
            }
        },
        "Naive Chamfer Distance": {
            "success_only": {
                "mean": 0.935717615511818,
                "median": 0.8435705187202123,
                "std": 0.6374727065784902,
                "count": 994
            },
            "adjusted": {
                "mean": 0.9301033098187471,
                "median": 0.832502851811052,
                "std": 0.639654511179441,
                "count": 1000
            }
        },
        "Naive Surface IoU": {
            "success_only": {
                "mean": 0.0792476861167002,
                "median": 0.015850000000000003,
                "std": 0.15180335505156808,
                "count": 994
            },
            "adjusted": {
                "mean": 0.0787722,
                "median": 0.0153,
                "std": 0.15147061506902734,
                "count": 1000
            }
        },
        "token_count": {
            "success_only": {
                "mean": 180.3158953722334,
                "median": 177.0,
                "std": 50.48207491842631,
                "count": 994
            },
            "adjusted": {
                "mean": 179.234,
                "median": 176.5,
                "std": 52.22298808460204,
                "count": 1000
            }
        },
        "line_count": {
            "success_only": {
                "mean": 16.082494969818914,
                "median": 16.0,
                "std": 4.04297600752924,
                "count": 994
            },
            "adjusted": {
                "mean": 15.986,
                "median": 16.0,
                "std": 4.218008486904169,
                "count": 1000
            }
        },
        "total_operations": {
            "success_only": {
                "mean": 14.082494969818914,
                "median": 14.0,
                "std": 4.04297600752924,
                "count": 994
            },
            "adjusted": {
                "mean": 13.998,
                "median": 14.0,
                "std": 4.175096097987139,
                "count": 1000
            }
        }
    },
    "medium": {
        "Aligned IoU": {
            "success_only": {
                "mean": 0.20255650244981388,
                "median": 0.14528465893967477,
                "std": 0.20043809825695333,
                "count": 997
            },
            "adjusted": {
                "mean": 0.20194883294246443,
                "median": 0.14441791699145468,
                "std": 0.20044357131381796,
                "count": 1000
            }
        },
        "Aligned Chamfer Distance": {
            "success_only": {
                "mean": 0.40601964200885177,
                "median": 0.36165138702842775,
                "std": 0.24895103902567833,
                "count": 997
            },
            "adjusted": {
                "mean": 0.4048015830828252,
                "median": 0.3612179690301743,
                "std": 0.24956776555433682,
                "count": 1000
            }
        },
        "Aligned Surface IoU": {
            "success_only": {
                "mean": 0.11803314944834505,
                "median": 0.06045,
                "std": 0.14799938026270004,
                "count": 997
            },
            "adjusted": {
                "mean": 0.11767905000000001,
                "median": 0.060375,
                "std": 0.14791805545546888,
                "count": 1000
            }
        },
        "Naive IoU": {
            "success_only": {
                "mean": 0.09593175166670456,
                "median": 0.00949577864363462,
                "std": 0.1614981617232483,
                "count": 997
            },
            "adjusted": {
                "mean": 0.09564395641170445,
                "median": 0.009236762434934848,
                "std": 0.16134090113245142,
                "count": 1000
            }
        },
        "Naive Chamfer Distance": {
            "success_only": {
                "mean": 0.9030446737829009,
                "median": 0.7579355750761652,
                "std": 0.642467581216756,
                "count": 997
            },
            "adjusted": {
                "mean": 0.9003355397615521,
                "median": 0.7572367329566945,
                "std": 0.6434023863921108,
                "count": 1000
            }
        },
        "Naive Surface IoU": {
            "success_only": {
                "mean": 0.07009378134403209,
                "median": 0.01955,
                "std": 0.1282856946790306,
                "count": 997
            },
            "adjusted": {
                "mean": 0.0698835,
                "median": 0.01915,
                "std": 0.12815033470902837,
                "count": 1000
            }
        },
        "token_count": {
            "success_only": {
                "mean": 199.43029087261786,
                "median": 197.0,
                "std": 52.7330208804727,
                "count": 997
            },
            "adjusted": {
                "mean": 198.832,
                "median": 197.0,
                "std": 53.77266289923977,
                "count": 1000
            }
        },
        "line_count": {
            "success_only": {
                "mean": 17.63590772316951,
                "median": 17.0,
                "std": 4.326164270191464,
                "count": 997
            },
            "adjusted": {
                "mean": 17.583,
                "median": 17.0,
                "std": 4.42613846390979,
                "count": 1000
            }
        },
        "total_operations": {
            "success_only": {
                "mean": 15.635907723169508,
                "median": 15.0,
                "std": 4.326164270191464,
                "count": 997
            },
            "adjusted": {
                "mean": 15.589,
                "median": 15.0,
                "std": 4.403574737695556,
                "count": 1000
            }
        }
    },
    "hard": {
        "Aligned IoU": {
            "success_only": {
                "mean": 0.21741217098081317,