{
    "easy": {
        "Aligned IoU": {
            "success_only": {
                "mean": 0.6403103812538748,
                "median": 0.6705354977769356,
                "std": 0.2086084329135709,
                "count": 953
            },
            "adjusted": {
                "mean": 0.6102157933349428,
                "median": 0.6628706798929664,
                "std": 0.2446480836875281,
                "count": 1000
            }
        },
        "Aligned Chamfer Distance": {
            "success_only": {
                "mean": 0.10246319001673031,
                "median": 0.07421361863821349,
                "std": 0.09203936204696292,
                "count": 953
            },
            "adjusted": {
                "mean": 0.09764742008594397,
                "median": 0.06846121207474279,
                "std": 0.09243059759020805,
                "count": 1000
            }
        },
        "Aligned Surface IoU": {
            "success_only": {
                "mean": 0.36216705141657923,
                "median": 0.21575,
                "std": 0.3340909451130453,
                "count": 953
            },
            "adjusted": {
                "mean": 0.3451452,
                "median": 0.18825,
                "std": 0.3350319564889727,
                "count": 1000
            }
        },
        "Naive IoU": {
            "success_only": {
                "mean": 0.4106041813351092,
                "median": 0.3933661676012611,
                "std": 0.3051858879957322,
                "count": 953
            },
            "adjusted": {
                "mean": 0.39130578481235906,
                "median": 0.35797264849007504,
                "std": 0.31034766253544765,
                "count": 1000
            }
        },
        "Naive Chamfer Distance": {
            "success_only": {
                "mean": 0.34032430758964793,
                "median": 0.2349557769261915,
                "std": 0.3088311008215441,
                "count": 953
            },
            "adjusted": {
                "mean": 0.32432906513293447,
                "median": 0.2023262573090136,
                "std": 0.3099715698209134,
                "count": 1000
            }
        },
        "Naive Surface IoU": {
            "success_only": {
                "mean": 0.24251715634837356,
                "median": 0.0994,
                "std": 0.28419885628342795,
                "count": 953
            },
            "adjusted": {
                "mean": 0.23111885000000001,
                "median": 0.09242500000000001,
                "std": 0.28214543749647536,
                "count": 1000
            }
        },
        "token_count": {
            "success_only": {
                "mean": 70.61490031479538,
                "median": 59.0,
                "std": 55.63226789848599,
                "count": 953
            },
            "adjusted": {
                "mean": 67.296,
                "median": 59.0,
                "std": 56.32861881226361,
                "count": 1000
            }
        },
        "line_count": {
            "success_only": {
                "mean": 13.532004197271773,
                "median": 13.0,
                "std": 11.37894238044386,
                "count": 953
            },
            "adjusted": {
                "mean": 12.896,
                "median": 12.0,
                "std": 11.471651266612955,
                "count": 1000
            }
        },
        "total_operations": {
            "success_only": {
                "mean": 6.473242392444911,
                "median": 6.0,
                "std": 4.62360218270509,
                "count": 953
            },
            "adjusted": {
                "mean": 6.169,
                "median": 6.0,
                "std": 4.717063672422676,
                "count": 1000
            }
        }
    },
    "medium": {
        "Aligned IoU": {
            "success_only": {
                "mean": 0.544547066427029,
                "median": 0.5703484382898893,
                "std": 0.22854197034990256,
                "count": 920
            },
            "adjusted": {
                "mean": 0.5009833011128667,
                "median": 0.5451416965956871,
                "std": 0.26437719352989786,
                "count": 1000
            }
        },
        "Aligned Chamfer Distance": {
            "success_only": {
                "mean": 0.11688908349840252,
                "median": 0.0891105018522628,
                "std": 0.09587518438845312,
                "count": 920
            },
            "adjusted": {
                "mean": 0.10753795681853032,
                "median": 0.08087636914966954,
                "std": 0.09727568281738794,
                "count": 1000
            }
        },
        "Aligned Surface IoU": {
            "success_only": {
                "mean": 0.32498739130434784,
                "median": 0.19325,
                "std": 0.30106777334088536,
                "count": 920
            },
            "adjusted": {
                "mean": 0.2989884,
                "median": 0.161825,
                "std": 0.30193439552266926,
                "count": 1000
            }
        },
        "Naive IoU": {
            "success_only": {
                "mean": 0.3478787816414494,
                "median": 0.30085361778324227,
                "std": 0.287752544837697,
                "count": 920
            },
            "adjusted": {
                "mean": 0.3200484791101335,
                "median": 0.2365439549811213,
                "std": 0.2916963080038729,
                "count": 1000
            }
        },
        "Naive Chamfer Distance": {
            "success_only": {
                "mean": 0.3514672392905408,
                "median": 0.22944148133909018,
                "std": 0.32083054231129376,
                "count": 920
            },
            "adjusted": {
                "mean": 0.32334986014729755,
                "median": 0.19759654596673848,
                "std": 0.32216496794770766,
                "count": 1000
            }
        },
        "Naive Surface IoU": {
            "success_only": {
                "mean": 0.21239043478260872,
                "median": 0.101925,
                "std": 0.25494348135273104,
                "count": 920
            },
            "adjusted": {
                "mean": 0.1953992,
                "median": 0.0885,
                "std": 0.25122634529629045,
                "count": 1000
            }
        },
        "token_count": {
            "success_only": {
                "mean": 133.69565217391303,
                "median": 114.0,
                "std": 88.04199946541428,
                "count": 920
            },
            "adjusted": {
                "mean": 123.0,
                "median": 105.0,
                "std": 91.9105192213793,
                "count": 1000
            }
        },
        "line_count": {
            "success_only": {
                "mean": 25.786956521739132,
                "median": 23.0,
                "std": 15.774604026259029,
                "count": 920
            },
            "adjusted": {
                "mean": 23.724,
                "median": 21.0,
                "std": 16.670384690394094,
                "count": 1000
            }
        },
        "total_operations": {
            "success_only": {
                "mean": 11.185869565217391,
                "median": 10.0,
                "std": 7.52154803021167,
                "count": 920
            },
            "adjusted": {
                "mean": 10.291,
                "median": 9.0,
                "std": 7.8269777424354885,
                "count": 1000
            }
        }
    },
    "hard": {
        "Aligned IoU": {
            "success_only": {
                "mean": 0.4830006041954216,
                "median": 0.4997341127221949,