{
    "": {
        "Aligned IoU": {
            "success_only": {
                "mean": 0.4866946883410859,
                "median": 0.4907427873361139,
                "std": 0.2863243707674717,
                "count": 2710
            },
            "adjusted": {
                "mean": 0.43964753513478094,
                "median": 0.4318841357203394,
                "std": 0.30780703755456734,
                "count": 3000
            }
        },
        "Aligned Chamfer Distance": {
            "success_only": {
                "mean": 0.12853860543689358,
                "median": 0.10438066763152778,
                "std": 0.10161841819835477,
                "count": 2710
            },
            "adjusted": {
                "mean": 0.11611320691132719,
                "median": 0.09308309548858769,
                "std": 0.10378340298769789,
                "count": 3000
            }
        },
        "Aligned Surface IoU": {
            "success_only": {
                "mean": 0.3317897601476015,
                "median": 0.22392499999999999,
                "std": 0.27912516636597834,
                "count": 2710
            },
            "adjusted": {
                "mean": 0.29971675000000003,
                "median": 0.19174999999999998,
                "std": 0.2828303164759927,
                "count": 3000
            }
        },
        "Naive IoU": {
            "success_only": {
                "mean": 0.5118319433542442,
                "median": 0.5329909333866487,
                "std": 0.27991587961765574,
                "count": 2710
            },
            "adjusted": {
                "mean": 0.46235485549666727,
                "median": 0.478187868912677,
                "std": 0.30603898469814356,
                "count": 3000
            }
        },
        "Naive Chamfer Distance": {
            "success_only": {
                "mean": 0.11046705603606649,
                "median": 0.08724423270297205,
                "std": 0.09727116571925645,
                "count": 2710
            },
            "adjusted": {
                "mean": 0.09978857395258006,
                "median": 0.07809541106512322,
                "std": 0.09804433426245925,
                "count": 3000
            }
        },
        "Naive Surface IoU": {
            "success_only": {
                "mean": 0.40165773062730625,
                "median": 0.34635000000000005,
                "std": 0.27583629458822223,
                "count": 2710
            },
            "adjusted": {
                "mean": 0.36283081666666667,
                "median": 0.297125,
                "std": 0.28778561466741664,
                "count": 3000
            }
        },
        "token_count": {
            "success_only": {
                "mean": 318.5678966789668,
                "median": 316.0,
                "std": 141.89169543198153,
                "count": 2710
            },
            "adjusted": {
                "mean": 287.773,
                "median": 293.5,
                "std": 164.47274718279405,
                "count": 3000
            }
        },
        "line_count": {
            "success_only": {
                "mean": 3.707749077490775,
                "median": 4.0,
                "std": 0.45488094466343704,
                "count": 2710
            },
            "adjusted": {
                "mean": 3.3493333333333335,
                "median": 4.0,
                "std": 1.1780331671631903,
                "count": 3000
            }
        },
        "total_operations": {
            "success_only": {
                "mean": 34.13431734317343,
                "median": 34.0,
                "std": 15.118421537964474,
                "count": 2710
            },
            "adjusted": {
                "mean": 30.834666666666667,
                "median": 32.0,
                "std": 17.55682428331484,
                "count": 3000
            }
        }
    }
}