{
    "": {
        "Aligned IoU": {
            "success_only": {
                "mean": 0.43603632592153047,
                "median": 0.43980028330022786,
                "std": 0.2602576105624716,
                "count": 1706
            },
            "adjusted": {
                "mean": 0.247959324007377,
                "median": 0.10550005075924909,
                "std": 0.2918207262333665,
                "count": 3000
            }
        },
        "Aligned Chamfer Distance": {
            "success_only": {
                "mean": 0.16165206101733176,
                "median": 0.12707851224663247,
                "std": 0.12789641186911244,
                "count": 1706
            },
            "adjusted": {
                "mean": 0.09192613869852266,
                "median": 0.043478455293711964,
                "std": 0.12534504370736,
                "count": 3000
            }
        },
        "Aligned Surface IoU": {
            "success_only": {
                "mean": 0.2505838511137163,
                "median": 0.14015,
                "std": 0.25278420306308585,
                "count": 1706
            },
            "adjusted": {
                "mean": 0.14249868333333335,
                "median": 0.039599999999999996,
                "std": 0.2274547338506795,
                "count": 3000
            }
        },
        "Naive IoU": {
            "success_only": {
                "mean": 0.21468426767352156,
                "median": 0.1097495397268553,
                "std": 0.2439703444891673,
                "count": 1706
            },
            "adjusted": {
                "mean": 0.12208378688367592,
                "median": 0.009281142727280853,
                "std": 0.21248090671098324,
                "count": 3000
            }
        },
        "Naive Chamfer Distance": {
            "success_only": {
                "mean": 0.4641361783977863,
                "median": 0.42197909776209414,
                "std": 0.30812983823433293,
                "count": 1706
            },
            "adjusted": {
                "mean": 0.2639387734488745,
                "median": 0.09234483846393601,
                "std": 0.32685670819737567,
                "count": 3000
            }
        },
        "Naive Surface IoU": {
            "success_only": {
                "mean": 0.11747796014067995,
                "median": 0.045149999999999996,
                "std": 0.1798880981855066,
                "count": 1706
            },
            "adjusted": {
                "mean": 0.0668058,
                "median": 0.0213,
                "std": 0.14759257227411607,
                "count": 3000
            }
        },
        "token_count": {
            "success_only": {
                "mean": 333.51172332942554,
                "median": 263.5,
                "std": 274.9152450203414,
                "count": 1706
            },
            "adjusted": {
                "mean": 189.657,
                "median": 73.5,
                "std": 265.06639686925564,
                "count": 3000
            }
        },
        "line_count": {
            "success_only": {
                "mean": 45.74501758499414,
                "median": 43.0,
                "std": 27.38280902853001,
                "count": 1706
            },
            "adjusted": {
                "mean": 26.013666666666666,
                "median": 16.0,
                "std": 30.655256125689174,
                "count": 3000
            }
        },
        "total_operations": {
            "success_only": {
                "mean": 27.921453692848768,
                "median": 18.0,
                "std": 30.312037762426268,
                "count": 1706
            },
            "adjusted": {
                "mean": 15.878,
                "median": 4.0,
                "std": 26.714409393117315,
                "count": 3000
            }
        }
    }
}