{
    "": {
        "Aligned IoU": {
            "success_only": {
                "mean": 0.5881254272487679,
                "median": 0.6314376818618975,
                "std": 0.25453828842493226,
                "count": 36
            },
            "adjusted": {
                "mean": 0.5881254272487679,
                "median": 0.6314376818618975,
                "std": 0.25453828842493226,
                "count": 36
            }
        },
        "Aligned Chamfer Distance": {
            "success_only": {
                "mean": 0.10591066892943873,
                "median": 0.07806513281247351,
                "std": 0.10943982270330992,
                "count": 36
            },
            "adjusted": {
                "mean": 0.10591066892943873,
                "median": 0.07806513281247351,
                "std": 0.10943982270330992,
                "count": 36
            }
        },
        "Aligned Surface IoU": {
            "success_only": {
                "mean": 0.4384375,
                "median": 0.403975,
                "std": 0.3125597155230615,
                "count": 36
            },
            "adjusted": {
                "mean": 0.4384375,
                "median": 0.403975,
                "std": 0.3125597155230615,
                "count": 36
            }
        },
        "Naive IoU": {
            "success_only": {
                "mean": 0.6619732190217601,
                "median": 0.6794554213847778,
                "std": 0.19987428800437437,
                "count": 36
            },
            "adjusted": {
                "mean": 0.6619732190217601,
                "median": 0.6794554213847778,
                "std": 0.19987428800437437,
                "count": 36
            }
        },
        "Naive Chamfer Distance": {
            "success_only": {
                "mean": 0.08630038783645277,
                "median": 0.06554318326818961,
                "std": 0.09332216102475319,
                "count": 36
            },
            "adjusted": {
                "mean": 0.08630038783645277,
                "median": 0.06554318326818961,
                "std": 0.09332216102475319,
                "count": 36
            }
        },
        "Naive Surface IoU": {
            "success_only": {
                "mean": 0.4494430555555556,
                "median": 0.398125,
                "std": 0.3111102276301939,
                "count": 36
            },
            "adjusted": {
                "mean": 0.4494430555555556,
                "median": 0.398125,
                "std": 0.3111102276301939,
                "count": 36
            }
        },
        "token_count": {
            "success_only": {
                "mean": 4995.444444444444,
                "median": 3547.5,
                "std": 3859.942652752717,
                "count": 36
            },
            "adjusted": {
                "mean": 4995.444444444444,
                "median": 3547.5,
                "std": 3859.942652752717,
                "count": 36
            }
        },
        "line_count": {
            "success_only": {
                "mean": 330.97222222222223,
                "median": 233.0,
                "std": 259.8861823525402,
                "count": 36
            },
            "adjusted": {
                "mean": 330.97222222222223,
                "median": 233.0,
                "std": 259.8861823525402,
                "count": 36
            }
        },
        "total_operations": {
            "success_only": {
                "mean": 325.1666666666667,
                "median": 226.5,
                "std": 259.9333431038482,
                "count": 36
            },
            "adjusted": {
                "mean": 325.1666666666667,
                "median": 226.5,
                "std": 259.9333431038482,
                "count": 36
            }
        }
    }
}