{
    "easy": {
        "Aligned IoU": {
            "success_only": {
                "mean": 0.5631319336429687,
                "median": 0.5937282292459765,
                "std": 0.23802909581088694,
                "count": 872
            },
            "adjusted": {
                "mean": 0.49105104613666867,
                "median": 0.5521575721627905,
                "std": 0.2912545487589342,
                "count": 1000
            }
        },
        "Aligned Chamfer Distance": {
            "success_only": {
                "mean": 0.12437708757883288,
                "median": 0.0980912361498752,
                "std": 0.11071028212202035,
                "count": 872
            },
            "adjusted": {
                "mean": 0.10845682036874227,
                "median": 0.0791407610651125,
                "std": 0.11142136223055922,
                "count": 1000
            }
        },
        "Aligned Surface IoU": {
            "success_only": {
                "mean": 0.2871295871559633,
                "median": 0.148275,
                "std": 0.29486007589864865,
                "count": 872
            },
            "adjusted": {
                "mean": 0.250377,
                "median": 0.114775,
                "std": 0.2915714369993634,
                "count": 1000
            }
        },
        "Naive IoU": {
            "success_only": {
                "mean": 0.3689160227590591,
                "median": 0.3186796161498259,
                "std": 0.2894396700427467,
                "count": 872
            },
            "adjusted": {
                "mean": 0.32169477184589956,
                "median": 0.23979355884115788,
                "std": 0.2970646106513828,
                "count": 1000
            }
        },
        "Naive Chamfer Distance": {
            "success_only": {
                "mean": 0.34090154598702327,
                "median": 0.23215018587554392,
                "std": 0.31049326811792577,
                "count": 872
            },
            "adjusted": {
                "mean": 0.2972661481006843,
                "median": 0.17392472165581574,
                "std": 0.31150931170164836,
                "count": 1000
            }
        },
        "Naive Surface IoU": {
            "success_only": {
                "mean": 0.19652310779816512,
                "median": 0.08825,
                "std": 0.24434906654717856,
                "count": 872
            },
            "adjusted": {
                "mean": 0.17136815,
                "median": 0.065925,
                "std": 0.23742675125243934,
                "count": 1000
            }
        },
        "token_count": {
            "success_only": {
                "mean": 135.80045871559633,
                "median": 100.0,
                "std": 109.36796442094169,
                "count": 872
            },
            "adjusted": {
                "mean": 118.418,
                "median": 88.0,
                "std": 111.75519002936063,
                "count": 1000
            }
        },
        "line_count": {
            "success_only": {
                "mean": 25.998853211009173,
                "median": 21.0,
                "std": 18.884050057108233,
                "count": 872
            },
            "adjusted": {
                "mean": 22.671,
                "median": 18.5,
                "std": 19.658005905894836,
                "count": 1000
            }
        },
        "total_operations": {
            "success_only": {
                "mean": 12.347477064220184,
                "median": 10.0,
                "std": 9.105436387866332,
                "count": 872
            },
            "adjusted": {
                "mean": 10.767,
                "median": 9.0,
                "std": 9.450927522261027,
                "count": 1000
            }
        }
    },
    "medium": {
        "Aligned IoU": {
            "success_only": {
                "mean": 0.41702805136413057,
                "median": 0.3992025029010768,
                "std": 0.21973943579921712,
                "count": 746
            },
            "adjusted": {
                "mean": 0.3111029263176414,
                "median": 0.2967931352375628,
                "std": 0.26266946769195393,
                "count": 1000
            }
        },
        "Aligned Chamfer Distance": {
            "success_only": {
                "mean": 0.14247312199438905,
                "median": 0.11537029557606054,
                "std": 0.11006103913802466,
                "count": 746
            },
            "adjusted": {
                "mean": 0.10628494900781424,
                "median": 0.08287119441408074,
                "std": 0.11350616221091059,
                "count": 1000
            }
        },
        "Aligned Surface IoU": {
            "success_only": {
                "mean": 0.2643913538873995,
                "median": 0.16105,
                "std": 0.25099165564549736,
                "count": 746
            },
            "adjusted": {
                "mean": 0.19723595,
                "median": 0.091025,
                "std": 0.24543496603509868,
                "count": 1000
            }
        },
        "Naive IoU": {
            "success_only": {
                "mean": 0.27851644873912473,
                "median": 0.22634485078150296,
                "std": 0.23971249432532996,
                "count": 746
            },
            "adjusted": {
                "mean": 0.20777327075938704,
                "median": 0.1052146322173308,
                "std": 0.23992781493861853,
                "count": 1000
            }
        },
        "Naive Chamfer Distance": {
            "success_only": {
                "mean": 0.33245193211840696,
                "median": 0.23139971939508577,
                "std": 0.29486781985862753,
                "count": 746
            },
            "adjusted": {
                "mean": 0.2480091413603316,
                "median": 0.14025508058403213,
                "std": 0.29292307213902763,
                "count": 1000
            }
        },
        "Naive Surface IoU": {
            "success_only": {
                "mean": 0.17632674262734585,
                "median": 0.09407499999999999,
                "std": 0.20028797755146754,
                "count": 746
            },
            "adjusted": {
                "mean": 0.13153975,
                "median": 0.051949999999999996,
                "std": 0.1892431289883645,
                "count": 1000
            }
        },
        "token_count": {
            "success_only": {
                "mean": 318.9651474530831,
                "median": 299.0,
                "std": 146.4026675492926,
                "count": 746
            },
            "adjusted": {
                "mean": 237.948,
                "median": 241.0,
                "std": 187.83313494317932,
                "count": 1000
            }
        },
        "line_count": {
            "success_only": {
                "mean": 56.00804289544236,
                "median": 54.0,
                "std": 23.11447879265018,
                "count": 746
            },
            "adjusted": {
                "mean": 41.782,
                "median": 44.0,
                "std": 31.518627823874233,
                "count": 1000
            }
        },
        "total_operations": {
            "success_only": {
                "mean": 25.095174262734584,
                "median": 24.0,
                "std": 12.549833156320082,
                "count": 746
            },
            "adjusted": {
                "mean": 18.721,
                "median": 19.0,
                "std": 15.391688116092485,
                "count": 1000
            }
        }
    },
    "hard": {
        "Aligned IoU": {
            "success_only": {
                "mean": 0.4313949590358085,