{
    "": {
        "Aligned IoU": {
            "success_only": {
                "mean": 0.39798019539918383,
                "median": 0.3725544748231157,
                "std": 0.24730995242705114,
                "count": 2165
            },
            "adjusted": {
                "mean": 0.28720904101307765,
                "median": 0.2338622399249063,
                "std": 0.275605041807317,
                "count": 3000
            }
        },
        "Aligned Chamfer Distance": {
            "success_only": {
                "mean": 0.17446618043606713,
                "median": 0.14485786963057365,
                "std": 0.1265503056973917,
                "count": 2165
            },
            "adjusted": {
                "mean": 0.12590642688136178,
                "median": 0.09329705711213418,
                "std": 0.13293612957446296,
                "count": 3000
            }
        },
        "Aligned Surface IoU": {
            "success_only": {
                "mean": 0.2224182909930716,
                "median": 0.12355,
                "std": 0.22983979687527867,
                "count": 2165
            },
            "adjusted": {
                "mean": 0.16051186666666667,
                "median": 0.0736,
                "std": 0.2192216445000842,
                "count": 3000
            }
        },
        "Naive IoU": {
            "success_only": {
                "mean": 0.2100206084677769,
                "median": 0.11195051641882701,
                "std": 0.23431991471246336,
                "count": 2165
            },
            "adjusted": {
                "mean": 0.15156487244424566,
                "median": 0.04473373267653652,
                "std": 0.2201849144537748,
                "count": 3000
            }
        },
        "Naive Chamfer Distance": {
            "success_only": {
                "mean": 0.4440984665693203,
                "median": 0.3997686261547869,
                "std": 0.30181861686839984,
                "count": 2165
            },
            "adjusted": {
                "mean": 0.3204910600408595,
                "median": 0.2462806242824978,
                "std": 0.3245915459969935,
                "count": 3000
            }
        },
        "Naive Surface IoU": {
            "success_only": {
                "mean": 0.11578302540415705,
                "median": 0.0472,
                "std": 0.17185964718683872,
                "count": 2165
            },
            "adjusted": {
                "mean": 0.08355675,
                "median": 0.03355,
                "std": 0.15493817272079702,
                "count": 3000
            }
        },
        "token_count": {
            "success_only": {
                "mean": 271.9528868360277,
                "median": 256.0,
                "std": 156.87207250614753,
                "count": 2165
            },
            "adjusted": {
                "mean": 196.25933333333333,
                "median": 182.0,
                "std": 180.6034900542126,
                "count": 3000
            }
        },
        "line_count": {
            "success_only": {
                "mean": 44.12748267898383,
                "median": 42.0,
                "std": 23.42588516053997,
                "count": 2165
            },
            "adjusted": {
                "mean": 31.845333333333333,
                "median": 32.0,
                "std": 28.05778248439345,
                "count": 3000
            }
        },
        "total_operations": {
            "success_only": {
                "mean": 22.980600461893765,
                "median": 20.0,
                "std": 15.134718280204766,
                "count": 2165
            },
            "adjusted": {
                "mean": 16.584333333333333,
                "median": 14.0,
                "std": 16.474121730292133,
                "count": 3000
            }
        }
    }
}