{
    "easy": {
        "Aligned IoU": {
            "success_only": {
                "mean": 0.549283416277421,
                "median": 0.5813719223353,
                "std": 0.21365375909866366,
                "count": 873
            },
            "adjusted": {
                "mean": 0.4795244224101886,
                "median": 0.5369826587949953,
                "std": 0.2707941369384424,
                "count": 1000
            }
        },
        "Aligned Chamfer Distance": {
            "success_only": {
                "mean": 0.1347368586609075,
                "median": 0.11083899981474754,
                "std": 0.09856453473034069,
                "count": 873
            },
            "adjusted": {
                "mean": 0.11762527761097225,
                "median": 0.09072789525120287,
                "std": 0.10244364713325033,
                "count": 1000
            }
        },
        "Aligned Surface IoU": {
            "success_only": {
                "mean": 0.23791580756013747,
                "median": 0.0914,
                "std": 0.2871471319685613,
                "count": 873
            },
            "adjusted": {
                "mean": 0.2077005,
                "median": 0.06815,
                "std": 0.27973812477601817,
                "count": 1000
            }
        },
        "Naive IoU": {
            "success_only": {
                "mean": 0.37891757637635903,
                "median": 0.3637428150498381,
                "std": 0.2614460846014282,
                "count": 873
            },
            "adjusted": {
                "mean": 0.3307950441765614,
                "median": 0.3039113887166828,
                "std": 0.2749527782892706,
                "count": 1000
            }
        },
        "Naive Chamfer Distance": {
            "success_only": {
                "mean": 0.3242493314595989,
                "median": 0.2323457308520786,
                "std": 0.2775044575637235,
                "count": 873
            },
            "adjusted": {
                "mean": 0.2830696663642298,
                "median": 0.17982610947177108,
                "std": 0.28086866782888203,
                "count": 1000
            }
        },
        "Naive Surface IoU": {
            "success_only": {
                "mean": 0.19473791523482245,
                "median": 0.08005,
                "std": 0.2451063770417252,
                "count": 873
            },
            "adjusted": {
                "mean": 0.1700062,
                "median": 0.059875,
                "std": 0.23800936122890762,
                "count": 1000
            }
        },
        "token_count": {
            "success_only": {
                "mean": 86.15922107674685,
                "median": 79.0,
                "std": 48.17357840428003,
                "count": 873
            },
            "adjusted": {
                "mean": 75.217,
                "median": 70.0,
                "std": 53.38104014017006,
                "count": 1000
            }
        },
        "line_count": {
            "success_only": {
                "mean": 18.70904925544101,
                "median": 18.0,
                "std": 8.383038967402763,
                "count": 873
            },
            "adjusted": {
                "mean": 16.333,
                "median": 16.0,
                "std": 10.00941053705458,
                "count": 1000
            }
        },
        "total_operations": {
            "success_only": {
                "mean": 6.491408934707904,
                "median": 6.0,
                "std": 3.9862414707447433,
                "count": 873
            },
            "adjusted": {
                "mean": 5.667,
                "median": 5.0,
                "std": 4.306583060578033,
                "count": 1000
            }
        }
    },
    "medium": {
        "Aligned IoU": {
            "success_only": {
                "mean": 0.47492473528979573,
                "median": 0.4924293893504803,
                "std": 0.21902670523271073,
                "count": 830
            },
            "adjusted": {
                "mean": 0.39418753029053044,
                "median": 0.4326014041404715,
                "std": 0.2677062427143491,
                "count": 1000
            }
        },
        "Aligned Chamfer Distance": {
            "success_only": {
                "mean": 0.1491525555847165,
                "median": 0.12276518829475605,
                "std": 0.10261307564965572,
                "count": 830
            },
            "adjusted": {
                "mean": 0.1237966211353147,
                "median": 0.10053055250017799,
                "std": 0.10899434512300636,
                "count": 1000
            }
        },
        "Aligned Surface IoU": {
            "success_only": {
                "mean": 0.22583614457831325,
                "median": 0.109675,
                "std": 0.24934135852433956,
                "count": 830
            },
            "adjusted": {
                "mean": 0.187444,
                "median": 0.07675,
                "std": 0.24247685437770955,
                "count": 1000
            }
        },
        "Naive IoU": {
            "success_only": {
                "mean": 0.3273980689052715,
                "median": 0.3125511711974574,
                "std": 0.25178982956340173,
                "count": 830
            },
            "adjusted": {
                "mean": 0.2717403971913753,
                "median": 0.20279041077109144,
                "std": 0.26028681697793066,
                "count": 1000
            }
        },
        "Naive Chamfer Distance": {
            "success_only": {
                "mean": 0.3358521347621043,
                "median": 0.24715250974716102,
                "std": 0.28245303322086557,
                "count": 830
            },
            "adjusted": {
                "mean": 0.27875727185254656,
                "median": 0.18047967017565442,
                "std": 0.28659226767863977,
                "count": 1000
            }
        },
        "Naive Surface IoU": {
            "success_only": {
                "mean": 0.1704830722891566,
                "median": 0.088725,
                "std": 0.21163339392782718,
                "count": 830
            },
            "adjusted": {
                "mean": 0.14150095,
                "median": 0.065325,
                "std": 0.20315535135304924,
                "count": 1000
            }
        },
        "token_count": {
            "success_only": {
                "mean": 141.24819277108435,
                "median": 128.5,
                "std": 75.86088843134966,
                "count": 830
            },
            "adjusted": {
                "mean": 117.236,
                "median": 112.0,
                "std": 87.14056335474189,
                "count": 1000
            }
        },
        "line_count": {
            "success_only": {
                "mean": 27.801204819277107,
                "median": 26.0,
                "std": 12.78674481396621,
                "count": 830
            },
            "adjusted": {
                "mean": 23.075,
                "median": 23.0,
                "std": 15.647498816718912,
                "count": 1000
            }
        },
        "total_operations": {
            "success_only": {
                "mean": 10.193975903614458,
                "median": 9.0,
                "std": 6.33748968345977,
                "count": 830
            },
            "adjusted": {
                "mean": 8.461,
                "median": 7.0,
                "std": 6.928671264065392,
                "count": 1000
            }
        }
    },
    "hard": {
        "Aligned IoU": {
            "success_only": {
                "mean": 0.43185753327543225,
                "median": 0.44366334971716603,