{
    "easy": {
        "Aligned IoU": {
            "success_only": {
                "mean": 0.8168648983566398,
                "median": 0.9101289359738187,
                "std": 0.19387204828541965,
                "count": 47
            },
            "adjusted": {
                "mean": 0.8168648983566398,
                "median": 0.9101289359738187,
                "std": 0.19387204828541965,
                "count": 47
            }
        },
        "Aligned Chamfer Distance": {
            "success_only": {
                "mean": 0.051762257700807376,
                "median": 0.031548678735459065,
                "std": 0.06347903494865804,
                "count": 47
            },
            "adjusted": {
                "mean": 0.051762257700807376,
                "median": 0.031548678735459065,
                "std": 0.06347903494865804,
                "count": 47
            }
        },
        "Aligned Surface IoU": {
            "success_only": {
                "mean": 0.6902393617021276,
                "median": 0.785,
                "std": 0.3073688585567076,
                "count": 47
            },
            "adjusted": {
                "mean": 0.6902393617021276,
                "median": 0.785,
                "std": 0.3073688585567076,
                "count": 47
            }
        },
        "Naive IoU": {
            "success_only": {
                "mean": 0.8629006942680676,
                "median": 0.9193363766380608,
                "std": 0.13266743264655254,
                "count": 47
            },
            "adjusted": {
                "mean": 0.8629006942680676,
                "median": 0.9193363766380608,
                "std": 0.13266743264655254,
                "count": 47
            }
        },
        "Naive Chamfer Distance": {
            "success_only": {
                "mean": 0.04233693632982694,
                "median": 0.028697773696081043,
                "std": 0.04776016817949755,
                "count": 47
            },
            "adjusted": {
                "mean": 0.04233693632982694,
                "median": 0.028697773696081043,
                "std": 0.04776016817949755,
                "count": 47
            }
        },
        "Naive Surface IoU": {
            "success_only": {
                "mean": 0.74975,
                "median": 0.8228,
                "std": 0.24825989734637938,
                "count": 47
            },
            "adjusted": {
                "mean": 0.74975,
                "median": 0.8228,
                "std": 0.24825989734637938,
                "count": 47
            }
        },
        "token_count": {
            "success_only": {
                "mean": 2376.2127659574467,
                "median": 2030.0,
                "std": 1384.51980274076,
                "count": 47
            },
            "adjusted": {
                "mean": 2376.2127659574467,
                "median": 2030.0,
                "std": 1384.51980274076,
                "count": 47
            }
        },
        "line_count": {
            "success_only": {
                "mean": 156.2340425531915,
                "median": 135.0,
                "std": 89.67240202802873,
                "count": 47
            },
            "adjusted": {
                "mean": 156.2340425531915,
                "median": 135.0,
                "std": 89.67240202802873,
                "count": 47
            }
        },
        "total_operations": {
            "success_only": {
                "mean": 151.38297872340425,
                "median": 128.0,
                "std": 89.81346688783694,
                "count": 47
            },
            "adjusted": {
                "mean": 151.38297872340425,
                "median": 128.0,
                "std": 89.81346688783694,
                "count": 47
            }
        }
    },
    "medium": {
        "Aligned IoU": {
            "success_only": {
                "mean": 0.6696375129923439,
                "median": 0.7371641123828407,
                "std": 0.273221145845143,
                "count": 48
            },
            "adjusted": {
                "mean": 0.6696375129923439,
                "median": 0.7371641123828407,
                "std": 0.273221145845143,
                "count": 48
            }
        },
        "Aligned Chamfer Distance": {
            "success_only": {
                "mean": 0.0594062053865178,
                "median": 0.03977445089455655,
                "std": 0.051448308137325885,
                "count": 48
            },
            "adjusted": {
                "mean": 0.0594062053865178,
                "median": 0.03977445089455655,
                "std": 0.051448308137325885,
                "count": 48
            }
        },
        "Aligned Surface IoU": {
            "success_only": {
                "mean": 0.6174041666666666,
                "median": 0.64815,
                "std": 0.29274893550205894,
                "count": 48
            },
            "adjusted": {
                "mean": 0.6174041666666666,
                "median": 0.64815,
                "std": 0.29274893550205894,
                "count": 48
            }
        },
        "Naive IoU": {
            "success_only": {
                "mean": 0.7320480091377147,
                "median": 0.8225426184233966,
                "std": 0.24793314270263356,
                "count": 48
            },
            "adjusted": {
                "mean": 0.7320480091377147,
                "median": 0.8225426184233966,
                "std": 0.24793314270263356,
                "count": 48
            }
        },
        "Naive Chamfer Distance": {
            "success_only": {
                "mean": 0.05288370413730564,
                "median": 0.03410033146414231,
                "std": 0.04990924112830555,
                "count": 48
            },
            "adjusted": {
                "mean": 0.05288370413730564,
                "median": 0.03410033146414231,
                "std": 0.04990924112830555,
                "count": 48
            }
        },
        "Naive Surface IoU": {
            "success_only": {
                "mean": 0.6554364583333333,
                "median": 0.71935,
                "std": 0.28123506820686034,
                "count": 48
            },
            "adjusted": {
                "mean": 0.6554364583333333,
                "median": 0.71935,
                "std": 0.28123506820686034,
                "count": 48
            }
        },
        "token_count": {
            "success_only": {
                "mean": 5112.5625,
                "median": 3770.0,
                "std": 4120.9231970531355,
                "count": 48
            },
            "adjusted": {
                "mean": 5112.5625,
                "median": 3770.0,
                "std": 4120.9231970531355,
                "count": 48
            }
        },
        "line_count": {
            "success_only": {
                "mean": 353.1458333333333,
                "median": 255.0,
                "std": 277.7702241585264,
                "count": 48
            },
            "adjusted": {
                "mean": 353.1458333333333,
                "median": 255.0,
                "std": 277.7702241585264,
                "count": 48
            }
        },
        "total_operations": {
            "success_only": {
                "mean": 349.7708333333333,
                "median": 249.0,
                "std": 280.4805329144459,
                "count": 48
            },
            "adjusted": {
                "mean": 349.7708333333333,
                "median": 249.0,
                "std": 280.4805329144459,
                "count": 48
            }
        }
    },
    "hard": {
        "Aligned IoU": {
            "success_only": {
                "mean": 0.5635430858691697,
                "median": 0.5499726483657897,