{
    "easy": {
        "Aligned IoU": {
            "success_only": {
                "mean": 0.49097944902430385,
                "median": 0.5218171982864026,
                "std": 0.26548991286941975,
                "count": 740
            },
            "adjusted": {
                "mean": 0.36332479227798486,
                "median": 0.37680058086015267,
                "std": 0.3139538265338369,
                "count": 1000
            }
        },
        "Aligned Chamfer Distance": {
            "success_only": {
                "mean": 0.15230380236322277,
                "median": 0.1093948601222042,
                "std": 0.12758031437094813,
                "count": 740
            },
            "adjusted": {
                "mean": 0.11270481374878485,
                "median": 0.0763319172726223,
                "std": 0.12848351259175603,
                "count": 1000
            }
        },
        "Aligned Surface IoU": {
            "success_only": {
                "mean": 0.24982601351351352,
                "median": 0.118825,
                "std": 0.28017175360466984,
                "count": 740
            },
            "adjusted": {
                "mean": 0.18487125000000001,
                "median": 0.062425,
                "std": 0.2647395997799142,
                "count": 1000
            }
        },
        "Naive IoU": {
            "success_only": {
                "mean": 0.2601153733184334,
                "median": 0.14373904830801693,
                "std": 0.272985020365237,
                "count": 740
            },
            "adjusted": {
                "mean": 0.19248537625564072,
                "median": 0.05574885274796251,
                "std": 0.26106862935463415,
                "count": 1000
            }
        },
        "Naive Chamfer Distance": {
            "success_only": {
                "mean": 0.4848543818477299,
                "median": 0.4802820382240146,
                "std": 0.32931523298240906,
                "count": 740
            },
            "adjusted": {
                "mean": 0.3587922425673201,
                "median": 0.2614078971918755,
                "std": 0.3542584861178563,
                "count": 1000
            }
        },
        "Naive Surface IoU": {
            "success_only": {
                "mean": 0.14157135135135135,
                "median": 0.0474,
                "std": 0.2087690214248665,
                "count": 740
            },
            "adjusted": {
                "mean": 0.1047628,
                "median": 0.034725000000000006,
                "std": 0.1900032020860778,
                "count": 1000
            }
        },
        "token_count": {
            "success_only": {
                "mean": 105.66756756756757,
                "median": 76.0,
                "std": 111.5770468197882,
                "count": 740
            },
            "adjusted": {
                "mean": 78.194,
                "median": 56.0,
                "std": 106.58218484402597,
                "count": 1000
            }
        },
        "line_count": {
            "success_only": {
                "mean": 19.58783783783784,
                "median": 15.0,
                "std": 16.028277217328604,
                "count": 740
            },
            "adjusted": {
                "mean": 14.495,
                "median": 12.0,
                "std": 16.24616609889586,
                "count": 1000
            }
        },
        "total_operations": {
            "success_only": {
                "mean": 9.082432432432432,
                "median": 7.0,
                "std": 9.325708469578549,
                "count": 740
            },
            "adjusted": {
                "mean": 6.721,
                "median": 5.0,
                "std": 8.956638899742495,
                "count": 1000
            }
        }
    },
    "medium": {
        "Aligned IoU": {
            "success_only": {
                "mean": 0.4197339749274238,
                "median": 0.4113911707526802,
                "std": 0.23893058686070795,
                "count": 699
            },
            "adjusted": {
                "mean": 0.29339404847426925,
                "median": 0.25174087474245105,
                "std": 0.2774737397808068,
                "count": 1000
            }
        },
        "Aligned Chamfer Distance": {
            "success_only": {
                "mean": 0.16837857094428238,
                "median": 0.14038774204273732,
                "std": 0.12464057188130963,
                "count": 699
            },
            "adjusted": {
                "mean": 0.11769662109005338,
                "median": 0.08531506387487783,
                "std": 0.1297132982957614,
                "count": 1000
            }
        },
        "Aligned Surface IoU": {
            "success_only": {
                "mean": 0.22318304721030044,
                "median": 0.108,
                "std": 0.25760426763884203,
                "count": 699
            },
            "adjusted": {
                "mean": 0.15600495,
                "median": 0.050675,
                "std": 0.23844543001721286,
                "count": 1000
            }
        },
        "Naive IoU": {
            "success_only": {
                "mean": 0.2129677774940479,
                "median": 0.11456836836925416,
                "std": 0.23071134175355024,
                "count": 699
            },
            "adjusted": {
                "mean": 0.1488644764683395,
                "median": 0.04407170196813554,
                "std": 0.21619990182192764,
                "count": 1000
            }
        },
        "Naive Chamfer Distance": {
            "success_only": {
                "mean": 0.48872656511941337,
                "median": 0.45304299594164466,
                "std": 0.32996081496275814,
                "count": 699
            },
            "adjusted": {
                "mean": 0.34161986901846997,
                "median": 0.23038515818735986,
                "std": 0.35549274909230005,
                "count": 1000
            }
        },
        "Naive Surface IoU": {
            "success_only": {
                "mean": 0.12487975679542203,
                "median": 0.0488,
                "std": 0.18772224912541127,
                "count": 699
            },
            "adjusted": {
                "mean": 0.08729094999999999,
                "median": 0.03025,
                "std": 0.16705190714349175,
                "count": 1000
            }
        },
        "token_count": {
            "success_only": {
                "mean": 174.4964234620887,
                "median": 137.0,
                "std": 154.47393276567894,
                "count": 699
            },
            "adjusted": {
                "mean": 121.973,
                "median": 94.0,
                "std": 151.9385981527031,
                "count": 1000
            }
        },
        "line_count": {
            "success_only": {
                "mean": 31.459227467811157,
                "median": 26.0,
                "std": 23.867638470626208,
                "count": 699
            },
            "adjusted": {
                "mean": 21.99,
                "median": 19.0,
                "std": 24.6264159056969,
                "count": 1000
            }
        },
        "total_operations": {
            "success_only": {
                "mean": 15.912732474964235,
                "median": 12.0,
                "std": 13.92271322943253,
                "count": 699
            },
            "adjusted": {
                "mean": 11.123,
                "median": 9.0,
                "std": 13.739237156321229,
                "count": 1000
            }
        }
    },
    "hard": {
        "Aligned IoU": {
            "success_only": {
                "mean": 0.3807234466091632,