{
  "Mean": {
    "Aligned IoU": 0.3855002184817672,
    "Naive IoU": 0.2753383243838162,
    "Aligned Chamfer Distance": 0.2314624629031064,
    "Naive Chamfer Distance": 0.3838482148294828,
    "Aligned Surface IoU": 0.1047465156794425,
    "Naive Surface IoU": 0.09724512195121951
  },
  "Median": {
    "Aligned IoU": 0.3498774817173896,
    "Naive IoU": 0.21677577484838229,
    "Aligned Chamfer Distance": 0.20048972364209006,
    "Naive Chamfer Distance": 0.3155283808991679,
    "Aligned Surface IoU": 0.03565,
    "Naive Surface IoU": 0.03905
  },
  "Std": {
    "Aligned IoU": 0.24449504752557386,
    "Naive IoU": 0.23911825901240252,
    "Aligned Chamfer Distance": 0.15300078906292575,
    "Naive Chamfer Distance": 0.26529861175828606,
    "Aligned Surface IoU": 0.1979489182560253,
    "Naive Surface IoU": 0.1690347845587966
  },
  "Adjusted Mean": {
    "Aligned IoU": 0.036879520901422394,
    "Naive IoU": 0.026340699699385083,
    "Aligned Surface IoU": 0.01002075,
    "Naive Surface IoU": 0.009303116666666666
  },
  "Adjusted Median": {
    "Aligned IoU": 0.0,
    "Naive IoU": 0.0,
    "Aligned Surface IoU": 0.0,
    "Naive Surface IoU": 0.0
  },
  "Adjusted Std": {
    "Aligned IoU": 0.1362927359536196,
    "Naive IoU": 0.1096756877763474,
    "Aligned Surface IoU": 0.06854053023774205,
    "Naive Surface IoU": 0.059595262293125194
  },
  "VSR": 9.566666666666666,
  "Timeout Rate": 0.0,
  "Code Metrics Mean": {
    "Token Count": 244.33033333333333,
    "Line Count": 37.728,
    "Operation Count": 20.316666666666666
  },
  "Code Metrics Median": {
    "Token Count": 201.0,
    "Line Count": 34.0,
    "Operation Count": 17.0
  }
}