{
    "": {
        "Aligned IoU": {
            "success_only": {
                "mean": 0.431461390909772,
                "median": 0.43459511210233354,
                "std": 0.25781002598044167,
                "count": 1713
            },
            "adjusted": {
                "mean": 0.2463644542094798,
                "median": 0.09212945462831983,
                "std": 0.2890659006236923,
                "count": 3000
            }
        },
        "Aligned Chamfer Distance": {
            "success_only": {
                "mean": 0.16150252042587365,
                "median": 0.12445268275130696,
                "std": 0.1258902995708104,
                "count": 1713
            },
            "adjusted": {
                "mean": 0.09221793916317385,
                "median": 0.04282834580676101,
                "std": 0.12425201227962067,
                "count": 3000
            }
        },
        "Aligned Surface IoU": {
            "success_only": {
                "mean": 0.25395913601868064,
                "median": 0.1482,
                "std": 0.2554277272460822,
                "count": 1713
            },
            "adjusted": {
                "mean": 0.14501066666666665,
                "median": 0.041925000000000004,
                "std": 0.23032273697780073,
                "count": 3000
            }
        },
        "Naive IoU": {
            "success_only": {
                "mean": 0.20890542976143261,
                "median": 0.10195466853414865,
                "std": 0.2421826954000814,
                "count": 1713
            },
            "adjusted": {
                "mean": 0.11928500039377801,
                "median": 0.009042672585848819,
                "std": 0.21018111473263698,
                "count": 3000
            }
        },
        "Naive Chamfer Distance": {
            "success_only": {
                "mean": 0.47963909495371926,
                "median": 0.4498023308497169,
                "std": 0.31861825894826556,
                "count": 1713
            },
            "adjusted": {
                "mean": 0.2738739232185737,
                "median": 0.09705480243146955,
                "std": 0.3381191070190984,
                "count": 3000
            }
        },
        "Naive Surface IoU": {
            "success_only": {
                "mean": 0.1172638061879743,
                "median": 0.0448,
                "std": 0.18082985774181487,
                "count": 1713
            },
            "adjusted": {
                "mean": 0.06695763333333334,
                "median": 0.0203,
                "std": 0.1484459721602973,
                "count": 3000
            }
        },
        "token_count": {
            "success_only": {
                "mean": 326.1097489784005,
                "median": 256.0,
                "std": 262.8172597329687,
                "count": 1713
            },
            "adjusted": {
                "mean": 186.20866666666666,
                "median": 72.5,
                "std": 255.9105948094651,
                "count": 3000
            }
        },
        "line_count": {
            "success_only": {
                "mean": 46.23876240513719,
                "median": 42.0,
                "std": 27.949944265575446,
                "count": 1713
            },
            "adjusted": {
                "mean": 26.402333333333335,
                "median": 17.0,
                "std": 31.142507067849316,
                "count": 3000
            }
        },
        "total_operations": {
            "success_only": {
                "mean": 26.654991243432576,
                "median": 18.0,
                "std": 26.99140028138666,
                "count": 1713
            },
            "adjusted": {
                "mean": 15.22,
                "median": 4.0,
                "std": 24.28967399440041,
                "count": 3000
            }
        }
    }
}