split,aligned_iou_adjusted_median,aligned_chamfer_distance_success_only_median,aligned_surface_iou_adjusted_median,vsr,token_count_success_only_median,total_operations_success_only_median
easy,0.4908530654332841,0.08723201449276943,0.10550000000000001,0.857,86.0,8.0
medium,0.12812817465662288,0.095044768370395,0.049375,0.599,406.0,28.0
hard,0.0540683760201886,0.056523440539993516,0.0242,0.521,308.0,19.0
