{
    "easy": {
        "Aligned IoU": {
            "success_only": {
                "mean": 0.8336301062870923,
                "median": 0.9265825195432891,
                "std": 0.21837605927948117,
                "count": 938
            },
            "adjusted": {
                "mean": 0.7819450396972926,
                "median": 0.9168176392149567,
                "std": 0.2918626698037851,
                "count": 1000
            }
        },
        "Aligned Chamfer Distance": {
            "success_only": {
                "mean": 0.0480008370040268,
                "median": 0.02894309364863707,
                "std": 0.057840209385546425,
                "count": 938
            },
            "adjusted": {
                "mean": 0.045024785109777136,
                "median": 0.027973027247940516,
                "std": 0.05720132911094747,
                "count": 1000
            }
        },
        "Aligned Surface IoU": {
            "success_only": {
                "mean": 0.7021221215351813,
                "median": 0.8005249999999999,
                "std": 0.29421560882358083,
                "count": 938
            },
            "adjusted": {
                "mean": 0.65859055,
                "median": 0.7799750000000001,
                "std": 0.33149470117953267,
                "count": 1000
            }
        },
        "Naive IoU": {
            "success_only": {
                "mean": 0.846810546472679,
                "median": 0.9297985714434516,
                "std": 0.2045708333565257,
                "count": 938
            },
            "adjusted": {
                "mean": 0.7943082925913728,
                "median": 0.920497101763889,
                "std": 0.28459918651608335,
                "count": 1000
            }
        },
        "Naive Chamfer Distance": {
            "success_only": {
                "mean": 0.04189372923623681,
                "median": 0.028330067137526605,
                "std": 0.04115033753147406,
                "count": 938
            },
            "adjusted": {
                "mean": 0.039296318023590134,
                "median": 0.027481345484646584,
                "std": 0.041114818943625404,
                "count": 1000
            }
        },
        "Naive Surface IoU": {
            "success_only": {
                "mean": 0.7423081556503198,
                "median": 0.814175,
                "std": 0.2444210080653487,
                "count": 938
            },
            "adjusted": {
                "mean": 0.69628505,
                "median": 0.7893749999999999,
                "std": 0.2968353384996126,
                "count": 1000
            }
        },
        "token_count": {
            "success_only": {
                "mean": 125.78038379530916,
                "median": 86.0,
                "std": 102.772675333265,
                "count": 938
            },
            "adjusted": {
                "mean": 117.982,
                "median": 84.0,
                "std": 104.05623179500293,
                "count": 1000
            }
        },
        "line_count": {
            "success_only": {
                "mean": 3.1535181236673773,
                "median": 3.0,
                "std": 0.360678523068802,
                "count": 938
            },
            "adjusted": {
                "mean": 2.958,
                "median": 3.0,
                "std": 0.8372197662125137,
                "count": 1000
            }
        },
        "total_operations": {
            "success_only": {
                "mean": 12.49360341151386,
                "median": 9.0,
                "std": 10.628211065810275,
                "count": 938
            },
            "adjusted": {
                "mean": 11.719,
                "median": 9.0,
                "std": 10.72544050722738,
                "count": 1000
            }
        }
    },
    "medium": {
        "Aligned IoU": {
            "success_only": {
                "mean": 0.7205186016703916,
                "median": 0.8365907889574088,
                "std": 0.27838711152500695,
                "count": 926
            },
            "adjusted": {
                "mean": 0.6672002251467826,
                "median": 0.8104175129827682,
                "std": 0.32767107169497356,
                "count": 1000
            }
        },
        "Aligned Chamfer Distance": {
            "success_only": {
                "mean": 0.06834662092644173,
                "median": 0.036733803951713884,
                "std": 0.08221126350497435,
                "count": 926
            },
            "adjusted": {
                "mean": 0.06328897097788504,
                "median": 0.03452532789555275,
                "std": 0.08110771776621976,
                "count": 1000
            }
        },
        "Aligned Surface IoU": {
            "success_only": {
                "mean": 0.6012554535637149,
                "median": 0.683225,
                "std": 0.31290260760051125,
                "count": 926
            },
            "adjusted": {
                "mean": 0.5567625500000001,
                "median": 0.629475,
                "std": 0.33978283288524314,
                "count": 1000
            }
        },
        "Naive IoU": {
            "success_only": {
                "mean": 0.770578563986269,
                "median": 0.8626101528962009,
                "std": 0.24303879973582465,
                "count": 926
            },
            "adjusted": {
                "mean": 0.713555750251285,
                "median": 0.8449493842252993,
                "std": 0.30890475489615915,
                "count": 1000
            }
        },
        "Naive Chamfer Distance": {
            "success_only": {
                "mean": 0.054575722807301046,
                "median": 0.03372143308808417,
                "std": 0.06991628787073982,
                "count": 926
            },
            "adjusted": {
                "mean": 0.050537119319560765,
                "median": 0.03211826268421868,
                "std": 0.06877859873092837,
                "count": 1000
            }
        },
        "Naive Surface IoU": {
            "success_only": {
                "mean": 0.6911215442764579,
                "median": 0.743275,
                "std": 0.24649641125109029,
                "count": 926
            },
            "adjusted": {
                "mean": 0.63997855,
                "median": 0.7136750000000001,
                "std": 0.29836703388495633,
                "count": 1000
            }
        },
        "token_count": {
            "success_only": {
                "mean": 209.55399568034557,
                "median": 180.0,
                "std": 117.34737897194319,
                "count": 926
            },
            "adjusted": {
                "mean": 194.047,
                "median": 168.0,
                "std": 125.54869679238517,
                "count": 1000
            }
        },
        "line_count": {
            "success_only": {
                "mean": 3.1825053995680346,
                "median": 3.0,
                "std": 0.3864692393241487,
                "count": 926
            },
            "adjusted": {
                "mean": 2.947,
                "median": 3.0,
                "std": 0.912701497765849,
                "count": 1000
            }
        },
        "total_operations": {
            "success_only": {
                "mean": 21.600431965442766,
                "median": 19.0,
                "std": 12.088151886430792,
                "count": 926
            },
            "adjusted": {
                "mean": 20.002,
                "median": 17.0,
                "std": 12.934577662192883,
                "count": 1000
            }
        }
    },
    "hard": {
        "Aligned IoU": {
            "success_only": {
                "mean": 0.5607173384628402,