split,aligned_iou_adjusted_median,aligned_chamfer_distance_success_only_median,aligned_surface_iou_adjusted_median,vsr,token_count_success_only_median,total_operations_success_only_median
easy,0.9168176392149567,0.02894309364863707,0.7799750000000001,0.938,86.0,9.0
medium,0.8104175129827682,0.036733803951713884,0.629475,0.926,180.0,19.0
hard,0.5340800659922854,0.06314682549206427,0.404725,0.889,354.0,37.0
