{
    "": {
        "Aligned IoU": {
            "success_only": {
                "mean": 0.7769755872845395,
                "median": 0.915948514484353,
                "std": 0.2752078433111985,
                "count": 2981
            },
            "adjusted": {
                "mean": 0.7720547418984041,
                "median": 0.9148722270386316,
                "std": 0.2811760005799749,
                "count": 3000
            }
        },
        "Aligned Chamfer Distance": {
            "success_only": {
                "mean": 0.06383924417048344,
                "median": 0.0343941445991407,
                "std": 0.07864191616708785,
                "count": 2981
            },
            "adjusted": {
                "mean": 0.0634349289574037,
                "median": 0.03414342398028856,
                "std": 0.07855587408873037,
                "count": 3000
            }
        },
        "Aligned Surface IoU": {
            "success_only": {
                "mean": 0.6168754948004026,
                "median": 0.703,
                "std": 0.34354320569177066,
                "count": 2981
            },
            "adjusted": {
                "mean": 0.6129686166666667,
                "median": 0.69665,
                "std": 0.3459332376377759,
                "count": 3000
            }
        },
        "Naive IoU": {
            "success_only": {
                "mean": 0.8239919103879813,
                "median": 0.9439212920960447,
                "std": 0.24557902066783324,
                "count": 2981
            },
            "adjusted": {
                "mean": 0.818773294955524,
                "median": 0.9432400382363988,
                "std": 0.2533796724188718,
                "count": 3000
            }
        },
        "Naive Chamfer Distance": {
            "success_only": {
                "mean": 0.05324558491867922,
                "median": 0.031144242843962396,
                "std": 0.08507090561061632,
                "count": 2981
            },
            "adjusted": {
                "mean": 0.05290836288086092,
                "median": 0.03086651652211269,
                "std": 0.08490616471386582,
                "count": 3000
            }
        },
        "Naive Surface IoU": {
            "success_only": {
                "mean": 0.6516093257296209,
                "median": 0.75235,
                "std": 0.329129217349869,
                "count": 2981
            },
            "adjusted": {
                "mean": 0.6474824666666666,
                "median": 0.7478750000000001,
                "std": 0.3321335693515674,
                "count": 3000
            }
        },
        "token_count": {
            "success_only": {
                "mean": 725.0265011741027,
                "median": 417.0,
                "std": 985.1402974568098,
                "count": 2981
            },
            "adjusted": {
                "mean": 720.4346666666667,
                "median": 412.0,
                "std": 983.6981585259008,
                "count": 3000
            }
        },
        "line_count": {
            "success_only": {
                "mean": 59.90036900369004,
                "median": 36.0,
                "std": 74.5587228805719,
                "count": 2981
            },
            "adjusted": {
                "mean": 59.521,
                "median": 36.0,
                "std": 74.4739709548461,
                "count": 3000
            }
        },
        "total_operations": {
            "success_only": {
                "mean": 56.93894666219389,
                "median": 32.0,
                "std": 75.83168152062706,
                "count": 2981
            },
            "adjusted": {
                "mean": 56.57833333333333,
                "median": 31.5,
                "std": 75.72596651451246,
                "count": 3000
            }
        }
    }
}