split,aligned_iou_adjusted_median,aligned_chamfer_distance_success_only_median,aligned_surface_iou_adjusted_median,vsr,token_count_success_only_median,total_operations_success_only_median
easy,0.8485584034325087,0.03969111613325747,0.59615,0.951,177.0,18.0
medium,0.5125747391884905,0.07123667209945146,0.35495,0.926,329.0,35.0
hard,0.4338825264343221,0.072644357222368,0.34857499999999997,0.898,358.0,38.0
