{
    "": {
        "Aligned IoU": {
            "success_only": {
                "mean": 0.4658130825609465,
                "median": 0.46207922245385435,
                "std": 0.2779703100600081,
                "count": 2720
            },
            "adjusted": {
                "mean": 0.42233719485525817,
                "median": 0.4103739456642911,
                "std": 0.2973567939079288,
                "count": 3000
            }
        },
        "Aligned Chamfer Distance": {
            "success_only": {
                "mean": 0.13241034100126,
                "median": 0.10988594951272129,
                "std": 0.09971944655984409,
                "count": 2720
            },
            "adjusted": {
                "mean": 0.12005204250780906,
                "median": 0.09994370742065058,
                "std": 0.10246798795900833,
                "count": 3000
            }
        },
        "Aligned Surface IoU": {
            "success_only": {
                "mean": 0.31542595588235295,
                "median": 0.21455,
                "std": 0.26254471210127406,
                "count": 2720
            },
            "adjusted": {
                "mean": 0.2859862,
                "median": 0.18259999999999998,
                "std": 0.26630116575321355,
                "count": 3000
            }
        },
        "Naive IoU": {
            "success_only": {
                "mean": 0.4909789517523517,
                "median": 0.5026169816928,
                "std": 0.2703130368220199,
                "count": 2720
            },
            "adjusted": {
                "mean": 0.44515424958879884,
                "median": 0.4580973043007492,
                "std": 0.2943687152410171,
                "count": 3000
            }
        },
        "Naive Chamfer Distance": {
            "success_only": {
                "mean": 0.11395468249858436,
                "median": 0.09237571373279566,
                "std": 0.09879553564774701,
                "count": 2720
            },
            "adjusted": {
                "mean": 0.10331891213204981,
                "median": 0.08294199898360133,
                "std": 0.09974222445086636,
                "count": 3000
            }
        },
        "Naive Surface IoU": {
            "success_only": {
                "mean": 0.38460659926470586,
                "median": 0.32725,
                "std": 0.2660009157410557,
                "count": 2720
            },
            "adjusted": {
                "mean": 0.34870998333333336,
                "median": 0.281525,
                "std": 0.27689714437377927,
                "count": 3000
            }
        },
        "token_count": {
            "success_only": {
                "mean": 335.19117647058823,
                "median": 332.5,
                "std": 138.79524263388467,
                "count": 2720
            },
            "adjusted": {
                "mean": 303.9066666666667,
                "median": 313.5,
                "std": 164.24456372878944,
                "count": 3000
            }
        },
        "line_count": {
            "success_only": {
                "mean": 3.7426470588235294,
                "median": 4.0,
                "std": 0.4372558704886022,
                "count": 2720
            },
            "adjusted": {
                "mean": 3.3933333333333335,
                "median": 4.0,
                "std": 1.1657938271000827,
                "count": 3000
            }
        },
        "total_operations": {
            "success_only": {
                "mean": 35.787867647058825,
                "median": 35.0,
                "std": 14.532390167114162,
                "count": 2720
            },
            "adjusted": {
                "mean": 32.44766666666667,
                "median": 33.0,
                "std": 17.317348471256036,
                "count": 3000
            }
        }
    }
}