split,aligned_iou_adjusted_median,aligned_chamfer_distance_success_only_median,aligned_surface_iou_adjusted_median,vsr,token_count_success_only_median,total_operations_success_only_median
easy,0.5121751186641548,0.11296858204215854,0.10367499999999999,0.886,96.0,10.0
medium,0.299336117371068,0.12104241926282476,0.09915,0.758,250.5,21.0
hard,0.27180307274070237,0.09622038351864902,0.089225,0.692,299.0,20.0
