{
    "": {
        "Aligned IoU": {
            "success_only": {
                "mean": 0.1694081888093844,
                "median": 0.11531033084964178,
                "std": 0.16181586789596394,
                "count": 2832
            },
            "adjusted": {
                "mean": 0.1599213302360589,
                "median": 0.10433084520188655,
                "std": 0.1619728930643319,
                "count": 3000
            }
        },
        "Aligned Chamfer Distance": {
            "success_only": {
                "mean": 0.38682930499255147,
                "median": 0.36943574758917924,
                "std": 0.15400598596053292,
                "count": 2832
            },
            "adjusted": {
                "mean": 0.3651668639129686,
                "median": 0.3577686218847874,
                "std": 0.1740754001516626,
                "count": 3000
            }
        },
        "Aligned Surface IoU": {
            "success_only": {
                "mean": 0.050829519774011296,
                "median": 0.03635,
                "std": 0.05764618420034478,
                "count": 2832
            },
            "adjusted": {
                "mean": 0.047983066666666664,
                "median": 0.03405,
                "std": 0.05721498903188623,
                "count": 3000
            }
        },
        "Naive IoU": {
            "success_only": {
                "mean": 0.09495068410803525,
                "median": 0.04635764980671425,
                "std": 0.12040342769630956,
                "count": 2832
            },
            "adjusted": {
                "mean": 0.08963344579798528,
                "median": 0.04052142709511789,
                "std": 0.11900270933987964,
                "count": 3000
            }
        },
        "Naive Chamfer Distance": {
            "success_only": {
                "mean": 0.5805460054789623,
                "median": 0.5496473815213809,
                "std": 0.2496138194093602,
                "count": 2832
            },
            "adjusted": {
                "mean": 0.5480354291721404,
                "median": 0.5303536043713167,
                "std": 0.27683856070637103,
                "count": 3000
            }
        },
        "Naive Surface IoU": {
            "success_only": {
                "mean": 0.03898096751412429,
                "median": 0.0272,
                "std": 0.05114521592166727,
                "count": 2832
            },
            "adjusted": {
                "mean": 0.036798033333333334,
                "median": 0.025724999999999998,
                "std": 0.05049407967104816,
                "count": 3000
            }
        },
        "token_count": {
            "success_only": {
                "mean": 221.91631355932202,
                "median": 177.5,
                "std": 168.52454775328175,
                "count": 2832
            },
            "adjusted": {
                "mean": 209.489,
                "median": 172.0,
                "std": 171.50456889361257,
                "count": 3000
            }
        },
        "line_count": {
            "success_only": {
                "mean": 17.924081920903955,
                "median": 16.0,
                "std": 9.40540059979358,
                "count": 2832
            },
            "adjusted": {
                "mean": 16.920333333333332,
                "median": 16.0,
                "std": 10.024743640142244,
                "count": 3000
            }
        },
        "total_operations": {
            "success_only": {
                "mean": 15.974929378531073,
                "median": 14.0,
                "std": 9.562695755833806,
                "count": 2832
            },
            "adjusted": {
                "mean": 15.080333333333334,
                "median": 14.0,
                "std": 9.990886805581521,
                "count": 3000
            }
        }
    }
}