split,aligned_iou_adjusted_median,aligned_chamfer_distance_success_only_median,aligned_surface_iou_adjusted_median,vsr,token_count_success_only_median,total_operations_success_only_median
easy,0.5962902699511742,0.0747052234026666,0.14215,0.911,55.0,5.0
medium,0.4491200802461526,0.10074306632592112,0.10695,0.866,120.0,9.0
hard,0.26854672671465507,0.09675966136161357,0.07352500000000001,0.648,258.5,17.0
