{
    "": {
        "Aligned IoU": {
            "success_only": {
                "mean": 0.547797204094802,
                "median": 0.5875742109382238,
                "std": 0.23838637410528257,
                "count": 2410
            },
            "adjusted": {
                "mean": 0.4403573255064953,
                "median": 0.5056524205667048,
                "std": 0.30496940422115,
                "count": 2998
            }
        },
        "Aligned Chamfer Distance": {
            "success_only": {
                "mean": 0.13238926718649152,
                "median": 0.09572315961578146,
                "std": 0.11923462627382735,
                "count": 2410
            },
            "adjusted": {
                "mean": 0.10642366041342381,
                "median": 0.07224086439785599,
                "std": 0.11912964418478156,
                "count": 2998
            }
        },
        "Aligned Surface IoU": {
            "success_only": {
                "mean": 0.2816042946058091,
                "median": 0.12595,
                "std": 0.30320609686897526,
                "count": 2410
            },
            "adjusted": {
                "mean": 0.22637303202134756,
                "median": 0.07377500000000001,
                "std": 0.2939453836530705,
                "count": 2998
            }
        },
        "Naive IoU": {
            "success_only": {
                "mean": 0.3621927833074155,
                "median": 0.30413687729445726,
                "std": 0.2944398072216777,
                "count": 2410
            },
            "adjusted": {
                "mean": 0.2911556396834127,
                "median": 0.16288753762765,
                "std": 0.30062497609869737,
                "count": 2998
            }
        },
        "Naive Chamfer Distance": {
            "success_only": {
                "mean": 0.35710650196283633,
                "median": 0.23849184830204842,
                "std": 0.316246905106197,
                "count": 2410
            },
            "adjusted": {
                "mean": 0.2870669345331673,
                "median": 0.14286436974330896,
                "std": 0.31702186526832754,
                "count": 2998
            }
        },
        "Naive Surface IoU": {
            "success_only": {
                "mean": 0.20099327800829875,
                "median": 0.05895,
                "std": 0.27858342911676814,
                "count": 2410
            },
            "adjusted": {
                "mean": 0.16157231487658438,
                "median": 0.0433,
                "std": 0.2622091750088797,
                "count": 2998
            }
        },
        "token_count": {
            "success_only": {
                "mean": 156.66016597510372,
                "median": 131.0,
                "std": 118.571840291275,
                "count": 2410
            },
            "adjusted": {
                "mean": 125.9342895263509,
                "median": 106.0,
                "std": 123.173196440352,
                "count": 2998
            }
        },
        "line_count": {
            "success_only": {
                "mean": 28.75726141078838,
                "median": 26.0,
                "std": 19.766812002850727,
                "count": 2410
            },
            "adjusted": {
                "mean": 23.11707805203469,
                "median": 20.0,
                "std": 21.08306898118905,
                "count": 2998
            }
        },
        "total_operations": {
            "success_only": {
                "mean": 15.234439834024895,
                "median": 13.0,
                "std": 10.637631875143704,
                "count": 2410
            },
            "adjusted": {
                "mean": 12.246497665110073,
                "median": 11.0,
                "std": 11.29432783523413,
                "count": 2998
            }
        }
    }
}