{
    "": {
        "Aligned IoU": {
            "success_only": {
                "mean": 0.5368376552175854,
                "median": 0.5786454287871036,
                "std": 0.24410211468564488,
                "count": 2579
            },
            "adjusted": {
                "mean": 0.4615014376020509,
                "median": 0.5286264199708117,
                "std": 0.29325848690822,
                "count": 3000
            }
        },
        "Aligned Chamfer Distance": {
            "success_only": {
                "mean": 0.13190322559959708,
                "median": 0.09740987571101344,
                "std": 0.11588358384790402,
                "count": 2579
            },
            "adjusted": {
                "mean": 0.11339280627378696,
                "median": 0.08036450152928114,
                "std": 0.11680534172979185,
                "count": 3000
            }
        },
        "Aligned Surface IoU": {
            "success_only": {
                "mean": 0.2670760178363707,
                "median": 0.11445,
                "std": 0.29480758342821134,
                "count": 2579
            },
            "adjusted": {
                "mean": 0.22959635,
                "median": 0.083425,
                "std": 0.28865018027831285,
                "count": 3000
            }
        },
        "Naive IoU": {
            "success_only": {
                "mean": 0.39545532633905384,
                "median": 0.39159552505868206,
                "std": 0.29100445949518655,
                "count": 2579
            },
            "adjusted": {
                "mean": 0.33995976220947327,
                "median": 0.2848241128382699,
                "std": 0.3027676522058619,
                "count": 3000
            }
        },
        "Naive Chamfer Distance": {
            "success_only": {
                "mean": 0.30287207523136145,
                "median": 0.16581599944972775,
                "std": 0.3013154702030687,
                "count": 2579
            },
            "adjusted": {
                "mean": 0.2603690273405604,
                "median": 0.12409862290605128,
                "std": 0.2985229070394251,
                "count": 3000
            }
        },
        "Naive Surface IoU": {
            "success_only": {
                "mean": 0.20813794106242728,
                "median": 0.0773,
                "std": 0.2668828490269084,
                "count": 2579
            },
            "adjusted": {
                "mean": 0.17892924999999998,
                "median": 0.056675,
                "std": 0.2577900466943251,
                "count": 3000
            }
        },
        "token_count": {
            "success_only": {
                "mean": 146.9658782473827,
                "median": 125.0,
                "std": 106.31110755385505,
                "count": 2579
            },
            "adjusted": {
                "mean": 126.34166666666667,
                "median": 110.0,
                "std": 111.00465880004298,
                "count": 3000
            }
        },
        "line_count": {
            "success_only": {
                "mean": 27.53198914307871,
                "median": 25.0,
                "std": 18.38258306975399,
                "count": 2579
            },
            "adjusted": {
                "mean": 23.668333333333333,
                "median": 21.0,
                "std": 19.54377096545271,
                "count": 3000
            }
        },
        "total_operations": {
            "success_only": {
                "mean": 14.95308259015122,
                "median": 13.0,
                "std": 9.792282608186484,
                "count": 2579
            },
            "adjusted": {
                "mean": 12.854666666666667,
                "median": 11.0,
                "std": 10.459987986215822,
                "count": 3000
            }
        }
    }
}