{
    "": {
        "Aligned IoU": {
            "success_only": {
                "mean": 0.13656046267318298,
                "median": 0.08729564035987243,
                "std": 0.14251335247805672,
                "count": 2377
            },
            "adjusted": {
                "mean": 0.1082014065913853,
                "median": 0.055905705249066656,
                "std": 0.1384212434337688,
                "count": 3000
            }
        },
        "Aligned Chamfer Distance": {
            "success_only": {
                "mean": 0.4163851643946746,
                "median": 0.39261862784251966,
                "std": 0.16285581009777728,
                "count": 2377
            },
            "adjusted": {
                "mean": 0.3299158452553805,
                "median": 0.3493657669384226,
                "std": 0.22259728393773828,
                "count": 3000
            }
        },
        "Aligned Surface IoU": {
            "success_only": {
                "mean": 0.05443962978544383,
                "median": 0.0415,
                "std": 0.049607924794211423,
                "count": 2377
            },
            "adjusted": {
                "mean": 0.04313433333333333,
                "median": 0.0329,
                "std": 0.04937133102653134,
                "count": 3000
            }
        },
        "Naive IoU": {
            "success_only": {
                "mean": 0.06336477645182795,
                "median": 0.022368159225653206,
                "std": 0.09685287449586091,
                "count": 2377
            },
            "adjusted": {
                "mean": 0.050206024541998344,
                "median": 0.009823640403946272,
                "std": 0.08995935630805726,
                "count": 3000
            }
        },
        "Naive Chamfer Distance": {
            "success_only": {
                "mean": 0.7581585775677805,
                "median": 0.7272166803224093,
                "std": 0.27990887490631683,
                "count": 2377
            },
            "adjusted": {
                "mean": 0.600714312959538,
                "median": 0.6371961015849044,
                "std": 0.39583284590751017,
                "count": 3000
            }
        },
        "Naive Surface IoU": {
            "success_only": {
                "mean": 0.02255237694572991,
                "median": 0.0202,
                "std": 0.01907115490798915,
                "count": 2377
            },
            "adjusted": {
                "mean": 0.017869,
                "median": 0.01585,
                "std": 0.0192838976066121,
                "count": 3000
            }
        },
        "token_count": {
            "success_only": {
                "mean": 190.8838872528397,
                "median": 161.0,
                "std": 98.66921737950284,
                "count": 2377
            },
            "adjusted": {
                "mean": 151.24366666666666,
                "median": 142.0,
                "std": 117.09188327804253,
                "count": 3000
            }
        },
        "line_count": {
            "success_only": {
                "mean": 3.5570046276819522,
                "median": 4.0,
                "std": 0.4968443656033294,
                "count": 2377
            },
            "adjusted": {
                "mean": 2.8183333333333334,
                "median": 3.0,
                "std": 1.5093342634624844,
                "count": 3000
            }
        },
        "total_operations": {
            "success_only": {
                "mean": 19.39377366428271,
                "median": 16.0,
                "std": 10.412967582603915,
                "count": 2377
            },
            "adjusted": {
                "mean": 15.366333333333333,
                "median": 15.0,
                "std": 12.157826181848643,
                "count": 3000
            }
        }
    }
}