{
    "": {
        "Aligned IoU": {
            "success_only": {
                "mean": 0.23865134482873637,
                "median": 0.15603958014784075,
                "std": 0.23897613941896412,
                "count": 2980
            },
            "adjusted": {
                "mean": 0.23706033586321149,
                "median": 0.15280966006483787,
                "std": 0.23896867683375467,
                "count": 3000
            }
        },
        "Aligned Chamfer Distance": {
            "success_only": {
                "mean": 0.39375214037318823,
                "median": 0.3489405917459787,
                "std": 0.25007154389620656,
                "count": 2980
            },
            "adjusted": {
                "mean": 0.3911271261040336,
                "median": 0.3468668592177275,
                "std": 0.2512882597948938,
                "count": 3000
            }
        },
        "Aligned Surface IoU": {
            "success_only": {
                "mean": 0.11464223154362416,
                "median": 0.0597,
                "std": 0.15487238433267878,
                "count": 2980
            },
            "adjusted": {
                "mean": 0.11387794999999999,
                "median": 0.059175000000000005,
                "std": 0.1546368743560247,
                "count": 3000
            }
        },
        "Naive IoU": {
            "success_only": {
                "mean": 0.15556888724261445,
                "median": 0.019373943969067345,
                "std": 0.22835851446489808,
                "count": 2980
            },
            "adjusted": {
                "mean": 0.15453176132766366,
                "median": 0.01863020217914471,
                "std": 0.22794772822002635,
                "count": 3000
            }
        },
        "Naive Chamfer Distance": {
            "success_only": {
                "mean": 0.8633229970648051,
                "median": 0.6977875438236621,
                "std": 0.6961204101836435,
                "count": 2980
            },
            "adjusted": {
                "mean": 0.8575675104177064,
                "median": 0.6859387058458741,
                "std": 0.6973445023105537,
                "count": 3000
            }
        },
        "Naive Surface IoU": {
            "success_only": {
                "mean": 0.08496540268456376,
                "median": 0.024875,
                "std": 0.14477436541334976,
                "count": 2980
            },
            "adjusted": {
                "mean": 0.08439896666666667,
                "median": 0.024524999999999998,
                "std": 0.14445643656348592,
                "count": 3000
            }
        },
        "token_count": {
            "success_only": {
                "mean": 186.6530201342282,
                "median": 181.0,
                "std": 58.639582296342205,
                "count": 2980
            },
            "adjusted": {
                "mean": 185.40866666666668,
                "median": 181.0,
                "std": 60.38592395163557,
                "count": 3000
            }
        },
        "line_count": {
            "success_only": {
                "mean": 16.550335570469798,
                "median": 16.0,
                "std": 4.57966115510147,
                "count": 2980
            },
            "adjusted": {
                "mean": 16.44,
                "median": 16.0,
                "std": 4.758986164766487,
                "count": 3000
            }
        },
        "total_operations": {
            "success_only": {
                "mean": 14.551677852348993,
                "median": 14.0,
                "std": 4.581844640067956,
                "count": 2980
            },
            "adjusted": {
                "mean": 14.454666666666666,
                "median": 14.0,
                "std": 4.717629726070038,
                "count": 3000
            }
        }
    }
}