{
    "": {
        "Aligned IoU": {
            "success_only": {
                "mean": 0.4373312726058628,
                "median": 0.4359904240032805,
                "std": 0.2613845607131568,
                "count": 1730
            },
            "adjusted": {
                "mean": 0.2521943672027142,
                "median": 0.11474514020442676,
                "std": 0.29342011680094743,
                "count": 3000
            }
        },
        "Aligned Chamfer Distance": {
            "success_only": {
                "mean": 0.16654298185553898,
                "median": 0.12676640685307317,
                "std": 0.13815278801474715,
                "count": 1730
            },
            "adjusted": {
                "mean": 0.09603978620336082,
                "median": 0.04667830982448759,
                "std": 0.1333305916032228,
                "count": 3000
            }
        },
        "Aligned Surface IoU": {
            "success_only": {
                "mean": 0.25026913294797687,
                "median": 0.1421,
                "std": 0.2516472561730893,
                "count": 1730
            },
            "adjusted": {
                "mean": 0.14432186666666666,
                "median": 0.042675000000000005,
                "std": 0.2276068035689161,
                "count": 3000
            }
        },
        "Naive IoU": {
            "success_only": {
                "mean": 0.21446196611204976,
                "median": 0.10375513629852358,
                "std": 0.24716550966114517,
                "count": 1730
            },
            "adjusted": {
                "mean": 0.12367306712461537,
                "median": 0.009809718614790939,
                "std": 0.21552791895551496,
                "count": 3000
            }
        },
        "Naive Chamfer Distance": {
            "success_only": {
                "mean": 0.47961101636942777,
                "median": 0.44068404204075706,
                "std": 0.3165093519636681,
                "count": 1730
            },
            "adjusted": {
                "mean": 0.27657568610637,
                "median": 0.10973318776631635,
                "std": 0.3375331547507049,
                "count": 3000
            }
        },
        "Naive Surface IoU": {
            "success_only": {
                "mean": 0.1185264161849711,
                "median": 0.045075000000000004,
                "std": 0.18299430061853478,
                "count": 1730
            },
            "adjusted": {
                "mean": 0.06835023333333333,
                "median": 0.020325,
                "std": 0.15078712653093007,
                "count": 3000
            }
        },
        "token_count": {
            "success_only": {
                "mean": 325.485549132948,
                "median": 262.0,
                "std": 267.41565281411465,
                "count": 1730
            },
            "adjusted": {
                "mean": 187.69666666666666,
                "median": 75.5,
                "std": 259.0349957667872,
                "count": 3000
            }
        },
        "line_count": {
            "success_only": {
                "mean": 45.81156069364162,
                "median": 42.0,
                "std": 27.856574835903185,
                "count": 1730
            },
            "adjusted": {
                "mean": 26.418,
                "median": 16.0,
                "std": 30.982047033932464,
                "count": 3000
            }
        },
        "total_operations": {
            "success_only": {
                "mean": 26.439306358381504,
                "median": 17.0,
                "std": 27.76008642985811,
                "count": 1730
            },
            "adjusted": {
                "mean": 15.246666666666666,
                "median": 5.0,
                "std": 24.79900843102285,
                "count": 3000
            }
        }
    }
}