{
    "easy": {
        "Aligned IoU": {
            "success_only": {
                "mean": 0.6071829790617461,
                "median": 0.6335447598339761,
                "std": 0.22465550743650173,
                "count": 902
            },
            "adjusted": {
                "mean": 0.547679047113695,
                "median": 0.6045812140682402,
                "std": 0.27953667902471285,
                "count": 1000
            }
        },
        "Aligned Chamfer Distance": {
            "success_only": {
                "mean": 0.09808510508261843,
                "median": 0.06585575218900844,
                "std": 0.08843353242409194,
                "count": 902
            },
            "adjusted": {
                "mean": 0.08847276478452183,
                "median": 0.058624156338593456,
                "std": 0.08890779549219063,
                "count": 1000
            }
        },
        "Aligned Surface IoU": {
            "success_only": {
                "mean": 0.39884074279379156,
                "median": 0.297525,
                "std": 0.33892417802798463,
                "count": 902
            },
            "adjusted": {
                "mean": 0.35975435,
                "median": 0.2147,
                "std": 0.34304035436563535,
                "count": 1000
            }
        },
        "Naive IoU": {
            "success_only": {
                "mean": 0.369822495045691,
                "median": 0.30463598225987654,
                "std": 0.2978299638230189,
                "count": 902
            },
            "adjusted": {
                "mean": 0.3335798905312133,
                "median": 0.25726047059156687,
                "std": 0.303484807491204,
                "count": 1000
            }
        },
        "Naive Chamfer Distance": {
            "success_only": {
                "mean": 0.34652025065836684,
                "median": 0.25298689538485214,
                "std": 0.3195001379000166,
                "count": 902
            },
            "adjusted": {
                "mean": 0.3125612660938469,
                "median": 0.19070698006163062,
                "std": 0.3204548941651178,
                "count": 1000
            }
        },
        "Naive Surface IoU": {
            "success_only": {
                "mean": 0.25792838137472285,
                "median": 0.1074,
                "std": 0.29346843990494215,
                "count": 902
            },
            "adjusted": {
                "mean": 0.2326514,
                "median": 0.085425,
                "std": 0.2890705161225046,
                "count": 1000
            }
        },
        "token_count": {
            "success_only": {
                "mean": 101.71729490022173,
                "median": 80.0,
                "std": 76.24333751354831,
                "count": 902
            },
            "adjusted": {
                "mean": 91.749,
                "median": 75.0,
                "std": 78.47480037115922,
                "count": 1000
            }
        },
        "line_count": {
            "success_only": {
                "mean": 21.81929046563193,
                "median": 20.0,
                "std": 13.410183167748368,
                "count": 902
            },
            "adjusted": {
                "mean": 19.681,
                "median": 17.0,
                "std": 14.293969237288733,
                "count": 1000
            }
        },
        "total_operations": {
            "success_only": {
                "mean": 7.658536585365853,
                "median": 6.0,
                "std": 5.494910294399633,
                "count": 902
            },
            "adjusted": {
                "mean": 6.908,
                "median": 6.0,
                "std": 5.694028271615618,
                "count": 1000
            }
        }
    },
    "medium": {
        "Aligned IoU": {
            "success_only": {
                "mean": 0.4671084987993753,
                "median": 0.4726773360371188,
                "std": 0.23232048465315944,
                "count": 652
            },
            "adjusted": {
                "mean": 0.3045547412171927,
                "median": 0.26868526637388207,
                "std": 0.2910799595608268,
                "count": 1000
            }
        },
        "Aligned Chamfer Distance": {
            "success_only": {
                "mean": 0.09368722229265523,
                "median": 0.06888777074800492,
                "std": 0.08197464475938612,
                "count": 652
            },
            "adjusted": {
                "mean": 0.06108406893481121,
                "median": 0.03663582320262933,
                "std": 0.07982808517054694,
                "count": 1000
            }
        },
        "Aligned Surface IoU": {
            "success_only": {
                "mean": 0.42812384969325157,
                "median": 0.36885,
                "std": 0.31679977087407085,
                "count": 652
            },
            "adjusted": {
                "mean": 0.27913675,
                "median": 0.112925,
                "std": 0.3271552063791719,
                "count": 1000
            }
        },
        "Naive IoU": {
            "success_only": {
                "mean": 0.271849253323632,
                "median": 0.17656028903279286,
                "std": 0.26456580119678935,
                "count": 652
            },
            "adjusted": {
                "mean": 0.1772457131670081,
                "median": 0.030213978372167313,
                "std": 0.24979442611385327,
                "count": 1000
            }
        },
        "Naive Chamfer Distance": {
            "success_only": {
                "mean": 0.3561332463677771,
                "median": 0.21782919810099025,
                "std": 0.33331474187327437,
                "count": 652
            },
            "adjusted": {
                "mean": 0.23219887663179065,
                "median": 0.06565060633469347,
                "std": 0.3181255886967122,
                "count": 1000
            }
        },
        "Naive Surface IoU": {
            "success_only": {
                "mean": 0.25405314417177915,
                "median": 0.10930000000000001,
                "std": 0.2842042926139149,
                "count": 652
            },
            "adjusted": {
                "mean": 0.16564265,
                "median": 0.037224999999999994,
                "std": 0.25941177122584086,
                "count": 1000
            }
        },
        "token_count": {
            "success_only": {
                "mean": 318.1871165644172,
                "median": 284.5,
                "std": 176.0012357334218,
                "count": 652
            },
            "adjusted": {
                "mean": 207.458,
                "median": 188.0,
                "std": 207.79913550521968,
                "count": 1000
            }
        },
        "line_count": {
            "success_only": {
                "mean": 47.65184049079755,
                "median": 45.0,
                "std": 19.10147402614378,
                "count": 652
            },
            "adjusted": {
                "mean": 31.069,
                "median": 33.0,
                "std": 27.449840304321135,
                "count": 1000
            }
        },
        "total_operations": {
            "success_only": {
                "mean": 21.242331288343557,
                "median": 16.0,
                "std": 17.577815216855402,
                "count": 652
            },
            "adjusted": {
                "mean": 13.85,
                "median": 8.0,
                "std": 17.430815624443202,
                "count": 1000
            }
        }
    },
    "hard": {
        "Aligned IoU": {
            "success_only": {
                "mean": 0.538460841296379,
                "median": 0.5700626697351203,