{
    "easy": {
        "Aligned IoU": {
            "success_only": {
                "mean": 0.7266053796471,
                "median": 0.8238433302542337,
                "std": 0.26601618892546736,
                "count": 938
            },
            "adjusted": {
                "mean": 0.6815558461089798,
                "median": 0.7961368905526647,
                "std": 0.3116204782034021,
                "count": 1000
            }
        },
        "Aligned Chamfer Distance": {
            "success_only": {
                "mean": 0.06818522134338685,
                "median": 0.03976125577415398,
                "std": 0.0797423722222715,
                "count": 938
            },
            "adjusted": {
                "mean": 0.06395773762009686,
                "median": 0.03763407464034349,
                "std": 0.07896109030873645,
                "count": 1000
            }
        },
        "Aligned Surface IoU": {
            "success_only": {
                "mean": 0.6064164179104478,
                "median": 0.663375,
                "std": 0.3078110575891235,
                "count": 938
            },
            "adjusted": {
                "mean": 0.5688186,
                "median": 0.6305499999999999,
                "std": 0.3320770373087363,
                "count": 1000
            }
        },
        "Naive IoU": {
            "success_only": {
                "mean": 0.7519441599244266,
                "median": 0.8361422380231153,
                "std": 0.2468920997671178,
                "count": 938
            },
            "adjusted": {
                "mean": 0.7053236220091122,
                "median": 0.8167863848571171,
                "std": 0.3001468875092886,
                "count": 1000
            }
        },
        "Naive Chamfer Distance": {
            "success_only": {
                "mean": 0.05407647553991564,
                "median": 0.03762461333220184,
                "std": 0.048329863947614016,
                "count": 938
            },
            "adjusted": {
                "mean": 0.050723734056440865,
                "median": 0.03601404927805911,
                "std": 0.04859060084887021,
                "count": 1000
            }
        },
        "Naive Surface IoU": {
            "success_only": {
                "mean": 0.6765818763326226,
                "median": 0.7133499999999999,
                "std": 0.25075982689905413,
                "count": 938
            },
            "adjusted": {
                "mean": 0.6346337999999999,
                "median": 0.687025,
                "std": 0.2926197417568162,
                "count": 1000
            }
        },
        "token_count": {
            "success_only": {
                "mean": 200.74200426439234,
                "median": 178.0,
                "std": 114.85464604105769,
                "count": 938
            },
            "adjusted": {
                "mean": 188.296,
                "median": 167.0,
                "std": 121.32094277228126,
                "count": 1000
            }
        },
        "line_count": {
            "success_only": {
                "mean": 3.216417910447761,
                "median": 3.0,
                "std": 0.41202206448349693,
                "count": 938
            },
            "adjusted": {
                "mean": 3.017,
                "median": 3.0,
                "std": 0.8726239009289577,
                "count": 1000
            }
        },
        "total_operations": {
            "success_only": {
                "mean": 20.73134328358209,
                "median": 18.0,
                "std": 11.551762699233626,
                "count": 938
            },
            "adjusted": {
                "mean": 19.446,
                "median": 18.0,
                "std": 12.254846603089943,
                "count": 1000
            }
        }
    },
    "medium": {
        "Aligned IoU": {
            "success_only": {
                "mean": 0.6385721266992842,
                "median": 0.7166006509476821,
                "std": 0.27955025737640754,
                "count": 918
            },
            "adjusted": {
                "mean": 0.5862092123099429,
                "median": 0.6747269433610337,
                "std": 0.320093918347526,
                "count": 1000
            }
        },
        "Aligned Chamfer Distance": {
            "success_only": {
                "mean": 0.08129373775033295,
                "median": 0.051526205004421524,
                "std": 0.08460343675735589,
                "count": 918
            },
            "adjusted": {
                "mean": 0.07462765125480565,
                "median": 0.04803075466343213,
                "std": 0.08407253734417704,
                "count": 1000
            }
        },
        "Aligned Surface IoU": {
            "success_only": {
                "mean": 0.5258244553376906,
                "median": 0.562125,
                "std": 0.29373338194898135,
                "count": 918
            },
            "adjusted": {
                "mean": 0.48270684999999997,
                "median": 0.528,
                "std": 0.31627727165122177,
                "count": 1000
            }
        },
        "Naive IoU": {
            "success_only": {
                "mean": 0.6967599598225735,
                "median": 0.7760874721036731,
                "std": 0.24944822880474915,
                "count": 918
            },
            "adjusted": {
                "mean": 0.6396256431171226,
                "median": 0.7471337159396927,
                "std": 0.30610139532507913,
                "count": 1000
            }
        },
        "Naive Chamfer Distance": {
            "success_only": {
                "mean": 0.06091611823263086,
                "median": 0.04385302730242014,
                "std": 0.058104876316317035,
                "count": 918
            },
            "adjusted": {
                "mean": 0.055920996537555126,
                "median": 0.04128750475872786,
                "std": 0.05812628353415544,
                "count": 1000
            }
        },
        "Naive Surface IoU": {
            "success_only": {
                "mean": 0.6367882352941177,
                "median": 0.670425,
                "std": 0.23678249172869353,
                "count": 918
            },
            "adjusted": {
                "mean": 0.5845716,
                "median": 0.6406499999999999,
                "std": 0.28638934262470195,
                "count": 1000
            }
        },
        "token_count": {
            "success_only": {
                "mean": 272.64923747276686,
                "median": 258.0,
                "std": 129.37767768670724,
                "count": 918
            },
            "adjusted": {
                "mean": 250.292,
                "median": 242.0,
                "std": 144.7967016917886,
                "count": 1000
            }
        },
        "line_count": {
            "success_only": {
                "mean": 3.247276688453159,
                "median": 3.0,
                "std": 0.4316641123742084,
                "count": 918
            },
            "adjusted": {
                "mean": 2.981,
                "median": 3.0,
                "std": 0.9826518226740355,
                "count": 1000
            }
        },
        "total_operations": {
            "success_only": {
                "mean": 28.533769063180827,
                "median": 27.0,
                "std": 13.244881448284362,
                "count": 918
            },
            "adjusted": {
                "mean": 26.194,
                "median": 25.5,
                "std": 14.912301658052009,
                "count": 1000
            }
        }
    },
    "hard": {
        "Aligned IoU": {
            "success_only": {
                "mean": 0.5226230367853758,