{
    "": {
        "Aligned IoU": {
            "success_only": {
                "mean": 0.6628606374862271,
                "median": 0.7795205283944489,
                "std": 0.3080118704444175,
                "count": 374
            },
            "adjusted": {
                "mean": 0.6455986417183567,
                "median": 0.7677741550781321,
                "std": 0.32181931737601743,
                "count": 384
            }
        },
        "Aligned Chamfer Distance": {
            "success_only": {
                "mean": 0.08648719727601831,
                "median": 0.05049301790282487,
                "std": 0.1045581030417145,
                "count": 374
            },
            "adjusted": {
                "mean": 0.08423492651362201,
                "median": 0.047177203982731744,
                "std": 0.10410173367111988,
                "count": 384
            }
        },
        "Aligned Surface IoU": {
            "success_only": {
                "mean": 0.5174978609625668,
                "median": 0.5487500000000001,
                "std": 0.361933187101856,
                "count": 374
            },
            "adjusted": {
                "mean": 0.5040213541666666,
                "median": 0.5192749999999999,
                "std": 0.3665863643034211,
                "count": 384
            }
        },
        "Naive IoU": {
            "success_only": {
                "mean": 0.7014898920313654,
                "median": 0.8212268346661886,
                "std": 0.29668280170090067,
                "count": 374
            },
            "adjusted": {
                "mean": 0.6832219260930485,
                "median": 0.8122607952453735,
                "std": 0.3134264780739196,
                "count": 384
            }
        },
        "Naive Chamfer Distance": {
            "success_only": {
                "mean": 0.06241836176462596,
                "median": 0.04329319851280779,
                "std": 0.06041777307503466,
                "count": 374
            },
            "adjusted": {
                "mean": 0.06079288359367216,
                "median": 0.04123636847702365,
                "std": 0.06044894153785159,
                "count": 384
            }
        },
        "Naive Surface IoU": {
            "success_only": {
                "mean": 0.6218125668449198,
                "median": 0.659575,
                "std": 0.2977522338070588,
                "count": 374
            },
            "adjusted": {
                "mean": 0.60561953125,
                "median": 0.646275,
                "std": 0.31011937751783764,
                "count": 384
            }
        },
        "token_count": {
            "success_only": {
                "mean": 199.67379679144386,
                "median": 158.5,
                "std": 137.94473971499002,
                "count": 374
            },
            "adjusted": {
                "mean": 194.47395833333334,
                "median": 152.0,
                "std": 139.80626038477791,
                "count": 384
            }
        },
        "line_count": {
            "success_only": {
                "mean": 3.355614973262032,
                "median": 3.0,
                "std": 0.4793405002333314,
                "count": 374
            },
            "adjusted": {
                "mean": 3.2682291666666665,
                "median": 3.0,
                "std": 0.7142203400084666,
                "count": 384
            }
        },
        "total_operations": {
            "success_only": {
                "mean": 21.254010695187166,
                "median": 17.0,
                "std": 14.201996327590471,
                "count": 374
            },
            "adjusted": {
                "mean": 20.700520833333332,
                "median": 17.0,
                "std": 14.419358895428692,
                "count": 384
            }
        }
    }
}