{
    "": {
        "Aligned IoU": {
            "success_only": {
                "mean": 0.4000476261042439,
                "median": 0.37657360599282363,
                "std": 0.25161304708591103,
                "count": 2194
            },
            "adjusted": {
                "mean": 0.2925681638909037,
                "median": 0.23723279229002076,
                "std": 0.2788367914782983,
                "count": 3000
            }
        },
        "Aligned Chamfer Distance": {
            "success_only": {
                "mean": 0.17621929827596938,
                "median": 0.14569953877077516,
                "std": 0.12875841539530175,
                "count": 2194
            },
            "adjusted": {
                "mean": 0.1288750468058256,
                "median": 0.09643603753216427,
                "std": 0.13500599784522282,
                "count": 3000
            }
        },
        "Aligned Surface IoU": {
            "success_only": {
                "mean": 0.22496554238833183,
                "median": 0.124725,
                "std": 0.23082584987565444,
                "count": 2194
            },
            "adjusted": {
                "mean": 0.1645248,
                "median": 0.075975,
                "std": 0.22115244221092992,
                "count": 3000
            }
        },
        "Naive IoU": {
            "success_only": {
                "mean": 0.2160533257138434,
                "median": 0.11871476804873456,
                "std": 0.23497841438184217,
                "count": 2194
            },
            "adjusted": {
                "mean": 0.15800699887205746,
                "median": 0.05064740984671702,
                "std": 0.2225989708800721,
                "count": 3000
            }
        },
        "Naive Chamfer Distance": {
            "success_only": {
                "mean": 0.43649581781508,
                "median": 0.38447499864687396,
                "std": 0.30072745686457547,
                "count": 2194
            },
            "adjusted": {
                "mean": 0.3192239414287618,
                "median": 0.2377231989647558,
                "std": 0.3218384170287779,
                "count": 3000
            }
        },
        "Naive Surface IoU": {
            "success_only": {
                "mean": 0.1171161804922516,
                "median": 0.047825,
                "std": 0.1695827364472993,
                "count": 2194
            },
            "adjusted": {
                "mean": 0.08565096666666666,
                "median": 0.03415,
                "std": 0.1540300457347913,
                "count": 3000
            }
        },
        "token_count": {
            "success_only": {
                "mean": 272.35323609845034,
                "median": 258.0,
                "std": 152.7477993793725,
                "count": 2194
            },
            "adjusted": {
                "mean": 199.181,
                "median": 183.5,
                "std": 177.87826679576713,
                "count": 3000
            }
        },
        "line_count": {
            "success_only": {
                "mean": 44.38240656335461,
                "median": 43.0,
                "std": 23.186865168056592,
                "count": 2194
            },
            "adjusted": {
                "mean": 32.458333333333336,
                "median": 32.0,
                "std": 27.933916632922084,
                "count": 3000
            }
        },
        "total_operations": {
            "success_only": {
                "mean": 23.128532360984504,
                "median": 21.0,
                "std": 14.748101563070353,
                "count": 2194
            },
            "adjusted": {
                "mean": 16.914666666666665,
                "median": 14.0,
                "std": 16.25394665354113,
                "count": 3000
            }
        }
    }
}