split,aligned_iou_adjusted_median,aligned_chamfer_distance_success_only_median,aligned_surface_iou_adjusted_median,vsr,token_count_success_only_median,total_operations_success_only_median
easy,0.03875119915473006,0.3964409949003756,0.035425,0.873,141.0,16.0
medium,0.03073389959668482,0.38242409054279924,0.036775,0.73,322.5,35.0
hard,0.02171000646319376,0.37827478082673965,0.036275,0.674,363.5,39.0
