{
    "easy": {
        "Aligned IoU": {
            "success_only": {
                "mean": 0.11721480074464005,
                "median": 0.05264344735656096,
                "std": 0.1484427609384119,
                "count": 873
            },
            "adjusted": {
                "mean": 0.10232852105007076,
                "median": 0.03875119915473006,
                "std": 0.14407911240540955,
                "count": 1000
            }
        },
        "Aligned Chamfer Distance": {
            "success_only": {
                "mean": 0.43233014858362556,
                "median": 0.3964409949003756,
                "std": 0.2258977023549484,
                "count": 873
            },
            "adjusted": {
                "mean": 0.37742421971350515,
                "median": 0.36124906455215955,
                "std": 0.2555113980986176,
                "count": 1000
            }
        },
        "Aligned Surface IoU": {
            "success_only": {
                "mean": 0.09064587628865979,
                "median": 0.0418,
                "std": 0.14249283407925747,
                "count": 873
            },
            "adjusted": {
                "mean": 0.07913384999999999,
                "median": 0.035425,
                "std": 0.13650968839867822,
                "count": 1000
            }
        },
        "Naive IoU": {
            "success_only": {
                "mean": 0.03859011253535742,
                "median": 0.0067271613530643206,
                "std": 0.07700180081414465,
                "count": 873
            },
            "adjusted": {
                "mean": 0.033689168243367026,
                "median": 0.003291517123643257,
                "std": 0.07308063592162174,
                "count": 1000
            }
        },
        "Naive Chamfer Distance": {
            "success_only": {
                "mean": 0.8460585256331965,
                "median": 0.8222013672691988,
                "std": 0.3153266327057524,
                "count": 873
            },
            "adjusted": {
                "mean": 0.7386090928777805,
                "median": 0.7606409753931141,
                "std": 0.40771692769225404,
                "count": 1000
            }
        },
        "Naive Surface IoU": {
            "success_only": {
                "mean": 0.02600085910652921,
                "median": 0.0187,
                "std": 0.03489477739595688,
                "count": 873
            },
            "adjusted": {
                "mean": 0.02269875,
                "median": 0.016325,
                "std": 0.03373245461616944,
                "count": 1000
            }
        },
        "token_count": {
            "success_only": {
                "mean": 159.25085910652922,
                "median": 141.0,
                "std": 76.96190870837547,
                "count": 873
            },
            "adjusted": {
                "mean": 139.026,
                "median": 135.0,
                "std": 89.35737274598033,
                "count": 1000
            }
        },
        "line_count": {
            "success_only": {
                "mean": 3.2943871706758303,
                "median": 3.0,
                "std": 0.4560280465988477,
                "count": 873
            },
            "adjusted": {
                "mean": 2.876,
                "median": 3.0,
                "std": 1.1772892635244785,
                "count": 1000
            }
        },
        "total_operations": {
            "success_only": {
                "mean": 17.049255441008018,
                "median": 16.0,
                "std": 9.143659883954376,
                "count": 873
            },
            "adjusted": {
                "mean": 14.884,
                "median": 15.0,
                "std": 10.25854676753885,
                "count": 1000
            }
        }
    },
    "medium": {
        "Aligned IoU": {
            "success_only": {
                "mean": 0.0840624623475808,
                "median": 0.04933494299393973,
                "std": 0.09542334043018888,
                "count": 730
            },
            "adjusted": {
                "mean": 0.06136559751373398,
                "median": 0.03073389959668482,
                "std": 0.08965956749017812,
                "count": 1000
            }
        },
        "Aligned Chamfer Distance": {
            "success_only": {
                "mean": 0.3956862161535129,
                "median": 0.38242409054279924,
                "std": 0.18044312380647914,
                "count": 730
            },
            "adjusted": {
                "mean": 0.28885093779206444,
                "median": 0.3054642447288172,
                "std": 0.23377373047096084,
                "count": 1000
            }
        },
        "Aligned Surface IoU": {
            "success_only": {
                "mean": 0.08932643835616437,
                "median": 0.05375,
                "std": 0.10918766247842776,
                "count": 730
            },
            "adjusted": {
                "mean": 0.0652083,
                "median": 0.036775,
                "std": 0.10136111308759567,
                "count": 1000
            }
        },
        "Naive IoU": {
            "success_only": {
                "mean": 0.025153818123593213,
                "median": 0.007995242177675305,
                "std": 0.04521567986416979,
                "count": 730
            },
            "adjusted": {
                "mean": 0.018362287230223047,
                "median": 0.002151642508426951,
                "std": 0.04020863642063681,
                "count": 1000
            }
        },
        "Naive Chamfer Distance": {
            "success_only": {
                "mean": 0.7700615526801569,
                "median": 0.730498473298496,
                "std": 0.29975089572545677,
                "count": 730
            },
            "adjusted": {
                "mean": 0.5621449334565145,
                "median": 0.6101624436516512,
                "std": 0.4272738279241011,
                "count": 1000
            }
        },
        "Naive Surface IoU": {
            "success_only": {
                "mean": 0.026444520547945206,
                "median": 0.02135,
                "std": 0.030753915585562185,
                "count": 730
            },
            "adjusted": {
                "mean": 0.019304500000000002,
                "median": 0.01255,
                "std": 0.02877765284127691,
                "count": 1000
            }
        },
        "token_count": {
            "success_only": {
                "mean": 334.85479452054796,
                "median": 322.5,
                "std": 143.5058326924782,
                "count": 730
            },
            "adjusted": {
                "mean": 244.444,
                "median": 258.0,
                "std": 192.74464288628448,
                "count": 1000
            }
        },
        "line_count": {
            "success_only": {
                "mean": 3.3876712328767122,
                "median": 3.0,
                "std": 0.4875529461535479,
                "count": 730
            },
            "adjusted": {
                "mean": 2.473,
                "median": 3.0,
                "std": 1.5613163384492936,
                "count": 1000
            }
        },
        "total_operations": {
            "success_only": {
                "mean": 36.342465753424655,
                "median": 35.0,
                "std": 15.785617230024448,
                "count": 730
            },
            "adjusted": {
                "mean": 26.53,
                "median": 28.0,
                "std": 21.033866109765064,
                "count": 1000
            }
        }
    },
    "hard": {
        "Aligned IoU": {
            "success_only": {
                "mean": 0.09038507682243915,