split,aligned_iou_adjusted_median,aligned_chamfer_distance_success_only_median,aligned_surface_iou_adjusted_median,vsr,token_count_success_only_median,total_operations_success_only_median
easy,0.12037683793442824,0.36795976743091885,0.056624999999999995,0.993,177.0,14.0
medium,0.14441791699145468,0.36047541047980985,0.060050000000000006,0.997,197.0,15.0
hard,0.15155804361720687,0.30935047527006765,0.06955,0.994,215.0,17.0
