split,aligned_iou_adjusted_median,aligned_chamfer_distance_success_only_median,aligned_surface_iou_adjusted_median,vsr,token_count_success_only_median,total_operations_success_only_median
easy,0.14113603729476687,0.3778535232133264,0.05235,0.995,191.0,15.0
medium,0.1192967944578047,0.3702300537416854,0.06225,0.992,217.0,17.0
hard,0.12883454087357044,0.3261821733680172,0.07067499999999999,0.984,224.0,18.0
