{
    "": {
        "Aligned IoU": {
            "success_only": {
                "mean": 0.18281055147395886,
                "median": 0.1131177059558795,
                "std": 0.1809632611875923,
                "count": 2564
            },
            "adjusted": {
                "mean": 0.1562420846597435,
                "median": 0.08146647506256643,
                "std": 0.1792743123183536,
                "count": 3000
            }
        },
        "Aligned Chamfer Distance": {
            "success_only": {
                "mean": 0.33148896655532456,
                "median": 0.2955381157031255,
                "std": 0.18765681489449357,
                "count": 2564
            },
            "adjusted": {
                "mean": 0.2833125700826174,
                "median": 0.26415400315581766,
                "std": 0.20916256482817877,
                "count": 3000
            }
        },
        "Aligned Surface IoU": {
            "success_only": {
                "mean": 0.11126751170046802,
                "median": 0.05695,
                "std": 0.14567598855583083,
                "count": 2564
            },
            "adjusted": {
                "mean": 0.09509663333333333,
                "median": 0.045725,
                "std": 0.14026611738606393,
                "count": 3000
            }
        },
        "Naive IoU": {
            "success_only": {
                "mean": 0.10582402541041369,
                "median": 0.04631764878135759,
                "std": 0.14213400770244314,
                "count": 2564
            },
            "adjusted": {
                "mean": 0.0904442670507669,
                "median": 0.030351028082050653,
                "std": 0.1365889339279306,
                "count": 3000
            }
        },
        "Naive Chamfer Distance": {
            "success_only": {
                "mean": 0.5268406455319052,
                "median": 0.5169508133202612,
                "std": 0.2760870875571851,
                "count": 2564
            },
            "adjusted": {
                "mean": 0.4502731383812683,
                "median": 0.45134121621191803,
                "std": 0.3156426367093907,
                "count": 3000
            }
        },
        "Naive Surface IoU": {
            "success_only": {
                "mean": 0.06952767160686427,
                "median": 0.03325,
                "std": 0.10738673904294879,
                "count": 2564
            },
            "adjusted": {
                "mean": 0.05942298333333333,
                "median": 0.026799999999999997,
                "std": 0.1022547438923132,
                "count": 3000
            }
        },
        "token_count": {
            "success_only": {
                "mean": 740.0900936037441,
                "median": 742.0,
                "std": 206.4291335978582,
                "count": 2564
            },
            "adjusted": {
                "mean": 632.5303333333334,
                "median": 697.0,
                "std": 323.22644001339074,
                "count": 3000
            }
        },
        "line_count": {
            "success_only": {
                "mean": 36.14586583463338,
                "median": 33.0,
                "std": 13.759676426005097,
                "count": 2564
            },
            "adjusted": {
                "mean": 30.892666666666667,
                "median": 31.0,
                "std": 18.003977170434858,
                "count": 3000
            }
        },
        "total_operations": {
            "success_only": {
                "mean": 86.15366614664586,
                "median": 87.0,
                "std": 24.641189877976807,
                "count": 2564
            },
            "adjusted": {
                "mean": 73.63266666666667,
                "median": 80.0,
                "std": 37.96282556568377,
                "count": 3000
            }
        }
    }
}