{
    "": {
        "Aligned IoU": {
            "success_only": {
                "mean": 0.5676404651282091,
                "median": 0.6271597013880137,
                "std": 0.2690908761714142,
                "count": 2168
            },
            "adjusted": {
                "mean": 0.41021484279931913,
                "median": 0.4910026307773845,
                "std": 0.3419376915222208,
                "count": 3000
            }
        },
        "Aligned Chamfer Distance": {
            "success_only": {
                "mean": 0.12014457641359483,
                "median": 0.08049700141460656,
                "std": 0.11834061610984056,
                "count": 2168
            },
            "adjusted": {
                "mean": 0.0868244805548912,
                "median": 0.051028042409458886,
                "std": 0.11407565892970148,
                "count": 3000
            }
        },
        "Aligned Surface IoU": {
            "success_only": {
                "mean": 0.3255410747232472,
                "median": 0.14237499999999997,
                "std": 0.33204141124161635,
                "count": 2168
            },
            "adjusted": {
                "mean": 0.23525768333333333,
                "median": 0.0708,
                "std": 0.3176662264032255,
                "count": 3000
            }
        },
        "Naive IoU": {
            "success_only": {
                "mean": 0.37067242120471383,
                "median": 0.30521659972678583,
                "std": 0.3123523113694649,
                "count": 2168
            },
            "adjusted": {
                "mean": 0.2678726030572732,
                "median": 0.0884878593351785,
                "std": 0.3131192123944447,
                "count": 3000
            }
        },
        "Naive Chamfer Distance": {
            "success_only": {
                "mean": 0.3415063271649174,
                "median": 0.2000044147628831,
                "std": 0.32162729854394867,
                "count": 2168
            },
            "adjusted": {
                "mean": 0.246795239097847,
                "median": 0.08769071180515348,
                "std": 0.31325403493177667,
                "count": 3000
            }
        },
        "Naive Surface IoU": {
            "success_only": {
                "mean": 0.2167359086715867,
                "median": 0.06835,
                "std": 0.29057020332521494,
                "count": 2168
            },
            "adjusted": {
                "mean": 0.15662781666666667,
                "median": 0.042425000000000004,
                "std": 0.2653779024883372,
                "count": 3000
            }
        },
        "token_count": {
            "success_only": {
                "mean": 177.74077490774908,
                "median": 145.0,
                "std": 137.43204271993338,
                "count": 2168
            },
            "adjusted": {
                "mean": 128.44733333333335,
                "median": 99.0,
                "std": 141.35554589877609,
                "count": 3000
            }
        },
        "line_count": {
            "success_only": {
                "mean": 33.43265682656826,
                "median": 32.0,
                "std": 18.991511570165788,
                "count": 2168
            },
            "adjusted": {
                "mean": 24.160666666666668,
                "median": 23.0,
                "std": 22.016094621049593,
                "count": 3000
            }
        },
        "total_operations": {
            "success_only": {
                "mean": 14.011992619926199,
                "median": 11.0,
                "std": 13.09857004549269,
                "count": 2168
            },
            "adjusted": {
                "mean": 10.126,
                "median": 7.0,
                "std": 12.780319617410747,
                "count": 3000
            }
        }
    }
}