{
    "": {
        "Aligned IoU": {
            "success_only": {
                "mean": 0.4222190749057486,
                "median": 0.41288741671495255,
                "std": 0.25115632831548146,
                "count": 2042
            },
            "adjusted": {
                "mean": 0.2873904503191796,
                "median": 0.2287097749958632,
                "std": 0.2858159840652105,
                "count": 3000
            }
        },
        "Aligned Chamfer Distance": {
            "success_only": {
                "mean": 0.17134233053872097,
                "median": 0.13504174227292665,
                "std": 0.13537340888328067,
                "count": 2042
            },
            "adjusted": {
                "mean": 0.11662701298668941,
                "median": 0.07595380410305749,
                "std": 0.13731471334266512,
                "count": 3000
            }
        },
        "Aligned Surface IoU": {
            "success_only": {
                "mean": 0.24165073457394712,
                "median": 0.129975,
                "std": 0.24685211838914456,
                "count": 2042
            },
            "adjusted": {
                "mean": 0.1644836,
                "median": 0.068525,
                "std": 0.23273924124975656,
                "count": 3000
            }
        },
        "Naive IoU": {
            "success_only": {
                "mean": 0.2023957834996125,
                "median": 0.10626686406108785,
                "std": 0.22990870676181843,
                "count": 2042
            },
            "adjusted": {
                "mean": 0.13776406330206958,
                "median": 0.03313438654922948,
                "std": 0.21184890100865955,
                "count": 3000
            }
        },
        "Naive Chamfer Distance": {
            "success_only": {
                "mean": 0.4757701890634066,
                "median": 0.43318067433797947,
                "std": 0.306415525456887,
                "count": 2042
            },
            "adjusted": {
                "mean": 0.32384090868915877,
                "median": 0.24633669007106723,
                "std": 0.3363263900862025,
                "count": 3000
            }
        },
        "Naive Surface IoU": {
            "success_only": {
                "mean": 0.10529236043095005,
                "median": 0.043175,
                "std": 0.1601649063688804,
                "count": 2042
            },
            "adjusted": {
                "mean": 0.071669,
                "median": 0.03015,
                "std": 0.14095683244124993,
                "count": 3000
            }
        },
        "token_count": {
            "success_only": {
                "mean": 298.1513222331048,
                "median": 285.0,
                "std": 176.7493072397055,
                "count": 2042
            },
            "adjusted": {
                "mean": 202.94166666666666,
                "median": 167.0,
                "std": 201.46802571545697,
                "count": 3000
            }
        },
        "line_count": {
            "success_only": {
                "mean": 50.080313418217436,
                "median": 49.0,
                "std": 26.905653192927225,
                "count": 2042
            },
            "adjusted": {
                "mean": 34.088,
                "median": 31.0,
                "std": 32.21792856428941,
                "count": 3000
            }
        },
        "total_operations": {
            "success_only": {
                "mean": 24.33692458374143,
                "median": 22.0,
                "std": 15.875591103608372,
                "count": 2042
            },
            "adjusted": {
                "mean": 16.565333333333335,
                "median": 12.0,
                "std": 17.32935372104278,
                "count": 3000
            }
        }
    }
}