{
    "": {
        "Aligned IoU": {
            "success_only": {
                "mean": 0.5154641730187901,
                "median": 0.5457082114131172,
                "std": 0.24028270839043606,
                "count": 1548
            },
            "adjusted": {
                "mean": 0.2659795132776957,
                "median": 0.021488180333030953,
                "std": 0.31010043478906585,
                "count": 3000
            }
        },
        "Aligned Chamfer Distance": {
            "success_only": {
                "mean": 0.13710638491593935,
                "median": 0.10599509858023437,
                "std": 0.11370706182146587,
                "count": 1548
            },
            "adjusted": {
                "mean": 0.0707468946166247,
                "median": 0.024426581347085523,
                "std": 0.10661014663124342,
                "count": 3000
            }
        },
        "Aligned Surface IoU": {
            "success_only": {
                "mean": 0.2209514857881137,
                "median": 0.091725,
                "std": 0.26666780406650414,
                "count": 1548
            },
            "adjusted": {
                "mean": 0.11401096666666666,
                "median": 0.008175,
                "std": 0.22108511319661003,
                "count": 3000
            }
        },
        "Naive IoU": {
            "success_only": {
                "mean": 0.31357515349452486,
                "median": 0.24226388454559572,
                "std": 0.26903955105933,
                "count": 1548
            },
            "adjusted": {
                "mean": 0.16180477920317482,
                "median": 0.0026759425929246137,
                "std": 0.24880300497487678,
                "count": 3000
            }
        },
        "Naive Chamfer Distance": {
            "success_only": {
                "mean": 0.3828513469407594,
                "median": 0.25455297110422637,
                "std": 0.32295003547999435,
                "count": 1548
            },
            "adjusted": {
                "mean": 0.19755129502143184,
                "median": 0.035867268751255676,
                "std": 0.3006971059840361,
                "count": 3000
            }
        },
        "Naive Surface IoU": {
            "success_only": {
                "mean": 0.13147286821705428,
                "median": 0.051375000000000004,
                "std": 0.1925006888485146,
                "count": 1548
            },
            "adjusted": {
                "mean": 0.06784,
                "median": 0.0128,
                "std": 0.15307996150118566,
                "count": 3000
            }
        },
        "token_count": {
            "success_only": {
                "mean": 205.05297157622738,
                "median": 143.0,
                "std": 221.46332350148273,
                "count": 1548
            },
            "adjusted": {
                "mean": 105.80733333333333,
                "median": 32.0,
                "std": 189.22008427486392,
                "count": 3000
            }
        },
        "line_count": {
            "success_only": {
                "mean": 39.43863049095607,
                "median": 32.0,
                "std": 34.447069932771164,
                "count": 1548
            },
            "adjusted": {
                "mean": 20.35033333333333,
                "median": 8.0,
                "std": 31.633481612713343,
                "count": 3000
            }
        },
        "total_operations": {
            "success_only": {
                "mean": 20.098191214470283,
                "median": 15.0,
                "std": 20.6196051287619,
                "count": 1548
            },
            "adjusted": {
                "mean": 10.370666666666667,
                "median": 3.0,
                "std": 17.89504634762041,
                "count": 3000
            }
        }
    }
}