{
    "": {
        "Aligned IoU": {
            "success_only": {
                "mean": 0.5472368292196572,
                "median": 0.5852176297761893,
                "std": 0.23816009839178776,
                "count": 2478
            },
            "adjusted": {
                "mean": 0.45201762093543685,
                "median": 0.5164639549342994,
                "std": 0.29983784425311194,
                "count": 3000
            }
        },
        "Aligned Chamfer Distance": {
            "success_only": {
                "mean": 0.12784526907032762,
                "median": 0.09296238620640661,
                "std": 0.11686295822706615,
                "count": 2478
            },
            "adjusted": {
                "mean": 0.10560019225209061,
                "median": 0.07390616401680745,
                "std": 0.11674637827882908,
                "count": 3000
            }
        },
        "Aligned Surface IoU": {
            "success_only": {
                "mean": 0.2728460451977401,
                "median": 0.121025,
                "std": 0.2998361356412384,
                "count": 2478
            },
            "adjusted": {
                "mean": 0.22537083333333333,
                "median": 0.08107500000000001,
                "std": 0.29147331048407726,
                "count": 3000
            }
        },
        "Naive IoU": {
            "success_only": {
                "mean": 0.35662406781108513,
                "median": 0.2985576168107714,
                "std": 0.28732750918645045,
                "count": 2478
            },
            "adjusted": {
                "mean": 0.2945714800119563,
                "median": 0.18285829395464132,
                "std": 0.2940618817329015,
                "count": 3000
            }
        },
        "Naive Chamfer Distance": {
            "success_only": {
                "mean": 0.3582039306428176,
                "median": 0.22813363901082473,
                "std": 0.31970602167614137,
                "count": 2478
            },
            "adjusted": {
                "mean": 0.29587644671096736,
                "median": 0.14939825298261653,
                "std": 0.3207312208395831,
                "count": 3000
            }
        },
        "Naive Surface IoU": {
            "success_only": {
                "mean": 0.18470790960451977,
                "median": 0.05835,
                "std": 0.2593652846237796,
                "count": 2478
            },
            "adjusted": {
                "mean": 0.15256873333333335,
                "median": 0.044675,
                "std": 0.2458993193819097,
                "count": 3000
            }
        },
        "token_count": {
            "success_only": {
                "mean": 153.31517352703793,
                "median": 120.0,
                "std": 126.16407483334092,
                "count": 2478
            },
            "adjusted": {
                "mean": 126.63833333333334,
                "median": 98.0,
                "std": 128.55451872772616,
                "count": 3000
            }
        },
        "line_count": {
            "success_only": {
                "mean": 29.923728813559322,
                "median": 26.5,
                "std": 20.832032808511677,
                "count": 2478
            },
            "adjusted": {
                "mean": 24.717,
                "median": 22.0,
                "std": 22.072032889578274,
                "count": 3000
            }
        },
        "total_operations": {
            "success_only": {
                "mean": 14.42130750605327,
                "median": 11.0,
                "std": 10.28731683933172,
                "count": 2478
            },
            "adjusted": {
                "mean": 11.912,
                "median": 11.0,
                "std": 10.83094451650948,
                "count": 3000
            }
        }
    }
}