{
    "easy": {
        "Aligned IoU": {
            "success_only": {
                "mean": 0.9158560740968684,
                "median": 0.9619955882650231,
                "std": 0.1496222359038449,
                "count": 970
            },
            "adjusted": {
                "mean": 0.8883803918739623,
                "median": 0.9607790127398442,
                "std": 0.21482045393001906,
                "count": 1000
            }
        },
        "Aligned Chamfer Distance": {
            "success_only": {
                "mean": 0.033756935801000976,
                "median": 0.02812225413210436,
                "std": 0.029420136426113134,
                "count": 970
            },
            "adjusted": {
                "mean": 0.03274422772697095,
                "median": 0.027676545217326723,
                "std": 0.02954226869284661,
                "count": 1000
            }
        },
        "Aligned Surface IoU": {
            "success_only": {
                "mean": 0.7591573711340206,
                "median": 0.816675,
                "std": 0.21598853286936132,
                "count": 970
            },
            "adjusted": {
                "mean": 0.73638265,
                "median": 0.8042499999999999,
                "std": 0.24907390711932312,
                "count": 1000
            }
        },
        "Naive IoU": {
            "success_only": {
                "mean": 0.9270716792952718,
                "median": 0.9641023675692231,
                "std": 0.12997164979431472,
                "count": 970
            },
            "adjusted": {
                "mean": 0.8992595289164136,
                "median": 0.9627860921199263,
                "std": 0.20352081022843455,
                "count": 1000
            }
        },
        "Naive Chamfer Distance": {
            "success_only": {
                "mean": 0.030371026223038156,
                "median": 0.02791596965735132,
                "std": 0.014763387471232972,
                "count": 970
            },
            "adjusted": {
                "mean": 0.02945989543634701,
                "median": 0.02755519293905008,
                "std": 0.015436353923597778,
                "count": 1000
            }
        },
        "Naive Surface IoU": {
            "success_only": {
                "mean": 0.7842621649484536,
                "median": 0.82135,
                "std": 0.17461533123534406,
                "count": 970
            },
            "adjusted": {
                "mean": 0.7607343,
                "median": 0.8134250000000001,
                "std": 0.21792487948053704,
                "count": 1000
            }
        },
        "token_count": {
            "success_only": {
                "mean": 93.06701030927834,
                "median": 75.0,
                "std": 58.90264697595416,
                "count": 970
            },
            "adjusted": {
                "mean": 90.275,
                "median": 75.0,
                "std": 60.14676224043993,
                "count": 1000
            }
        },
        "line_count": {
            "success_only": {
                "mean": 3.0103092783505154,
                "median": 3.0,
                "std": 0.10106199354460796,
                "count": 970
            },
            "adjusted": {
                "mean": 2.92,
                "median": 3.0,
                "std": 0.523329603475548,
                "count": 1000
            }
        },
        "total_operations": {
            "success_only": {
                "mean": 9.338144329896908,
                "median": 8.0,
                "std": 6.373730971835511,
                "count": 970
            },
            "adjusted": {
                "mean": 9.058,
                "median": 8.0,
                "std": 6.4764635859842965,
                "count": 1000
            }
        }
    },
    "medium": {
        "Aligned IoU": {
            "success_only": {
                "mean": 0.8054132251036343,
                "median": 0.914041419598695,
                "std": 0.2518049697242961,
                "count": 962
            },
            "adjusted": {
                "mean": 0.7748075225496963,
                "median": 0.9072314793869101,
                "std": 0.2910862046882106,
                "count": 1000
            }
        },
        "Aligned Chamfer Distance": {
            "success_only": {
                "mean": 0.05160069776217433,
                "median": 0.032202022429023244,
                "std": 0.06380288301680034,
                "count": 962
            },
            "adjusted": {
                "mean": 0.04963987124721171,
                "median": 0.03150770905852129,
                "std": 0.06335136103172513,
                "count": 1000
            }
        },
        "Aligned Surface IoU": {
            "success_only": {
                "mean": 0.674698128898129,
                "median": 0.7436,
                "std": 0.2755467746073166,
                "count": 962
            },
            "adjusted": {
                "mean": 0.6490596000000001,
                "median": 0.7264999999999999,
                "std": 0.2994921349079334,
                "count": 1000
            }
        },
        "Naive IoU": {
            "success_only": {
                "mean": 0.855811106548947,
                "median": 0.92928456481384,
                "std": 0.1967213064479143,
                "count": 962
            },
            "adjusted": {
                "mean": 0.8232902845000869,
                "median": 0.9238918437398651,
                "std": 0.25303775554069685,
                "count": 1000
            }
        },
        "Naive Chamfer Distance": {
            "success_only": {
                "mean": 0.040501762243711166,
                "median": 0.030261484765344362,
                "std": 0.05339382491975174,
                "count": 962
            },
            "adjusted": {
                "mean": 0.03896269527845014,
                "median": 0.029743961555329056,
                "std": 0.05293849355429949,
                "count": 1000
            }
        },
        "Naive Surface IoU": {
            "success_only": {
                "mean": 0.7531807172557172,
                "median": 0.7867,
                "std": 0.19370261010127598,
                "count": 962
            },
            "adjusted": {
                "mean": 0.72455985,
                "median": 0.7768,
                "std": 0.23843610648841523,
                "count": 1000
            }
        },
        "token_count": {
            "success_only": {
                "mean": 159.7234927234927,
                "median": 143.0,
                "std": 92.46728166225456,
                "count": 962
            },
            "adjusted": {
                "mean": 153.654,
                "median": 138.0,
                "std": 95.70005634682137,
                "count": 1000
            }
        },
        "line_count": {
            "success_only": {
                "mean": 3.043659043659044,
                "median": 3.0,
                "std": 0.20444162723179002,
                "count": 962
            },
            "adjusted": {
                "mean": 2.928,
                "median": 3.0,
                "std": 0.6157882714011327,
                "count": 1000
            }
        },
        "total_operations": {
            "success_only": {
                "mean": 16.401247401247403,
                "median": 15.0,
                "std": 9.626917609865412,
                "count": 962
            },
            "adjusted": {
                "mean": 15.778,
                "median": 14.0,
                "std": 9.94965887413794,
                "count": 1000
            }
        }
    },
    "hard": {
        "Aligned IoU": {
            "success_only": {
                "mean": 0.6998224785835014,