{
    "easy": {
        "Aligned IoU": {
            "success_only": {
                "mean": 0.6154583684129937,
                "median": 0.6460809003102479,
                "std": 0.2196832658405538,
                "count": 918
            },
            "adjusted": {
                "mean": 0.5649907822031283,
                "median": 0.6230546376909618,
                "std": 0.26989193904718434,
                "count": 1000
            }
        },
        "Aligned Chamfer Distance": {
            "success_only": {
                "mean": 0.09738748895388065,
                "median": 0.06568851441925291,
                "std": 0.08960232870910458,
                "count": 918
            },
            "adjusted": {
                "mean": 0.08940171485966243,
                "median": 0.05790962544833619,
                "std": 0.08991235467601186,
                "count": 1000
            }
        },
        "Aligned Surface IoU": {
            "success_only": {
                "mean": 0.4042944444444444,
                "median": 0.290275,
                "std": 0.3423597881604303,
                "count": 918
            },
            "adjusted": {
                "mean": 0.3711423,
                "median": 0.23149999999999998,
                "std": 0.34627423365824617,
                "count": 1000
            }
        },
        "Naive IoU": {
            "success_only": {
                "mean": 0.37058620099113077,
                "median": 0.29811035112483947,
                "std": 0.3012758131462458,
                "count": 918
            },
            "adjusted": {
                "mean": 0.34019813250985803,
                "median": 0.2541841386352759,
                "std": 0.30604750320063445,
                "count": 1000
            }
        },
        "Naive Chamfer Distance": {
            "success_only": {
                "mean": 0.3513695760459553,
                "median": 0.24621933381932065,
                "std": 0.32411056742365785,
                "count": 918
            },
            "adjusted": {
                "mean": 0.322557270810187,
                "median": 0.20041362661488066,
                "std": 0.3251585009437998,
                "count": 1000
            }
        },
        "Naive Surface IoU": {
            "success_only": {
                "mean": 0.25746753812636164,
                "median": 0.101825,
                "std": 0.2998876129955601,
                "count": 918
            },
            "adjusted": {
                "mean": 0.2363552,
                "median": 0.08057500000000001,
                "std": 0.2958812817429414,
                "count": 1000
            }
        },
        "token_count": {
            "success_only": {
                "mean": 103.7843137254902,
                "median": 81.0,
                "std": 81.65418538816117,
                "count": 918
            },
            "adjusted": {
                "mean": 95.274,
                "median": 76.0,
                "std": 83.25715992440936,
                "count": 1000
            }
        },
        "line_count": {
            "success_only": {
                "mean": 22.08169934640523,
                "median": 19.0,
                "std": 13.763656747192833,
                "count": 918
            },
            "adjusted": {
                "mean": 20.271,
                "median": 18.0,
                "std": 14.513104050794553,
                "count": 1000
            }
        },
        "total_operations": {
            "success_only": {
                "mean": 7.789760348583878,
                "median": 6.0,
                "std": 5.756834044810982,
                "count": 918
            },
            "adjusted": {
                "mean": 7.151,
                "median": 6.0,
                "std": 5.915504390345106,
                "count": 1000
            }
        }
    },
    "medium": {
        "Aligned IoU": {
            "success_only": {
                "mean": 0.46521590346812475,
                "median": 0.46899308962959174,
                "std": 0.2340985738397221,
                "count": 676
            },
            "adjusted": {
                "mean": 0.31448595074445235,
                "median": 0.2962518624279226,
                "std": 0.29065164183207326,
                "count": 1000
            }
        },
        "Aligned Chamfer Distance": {
            "success_only": {
                "mean": 0.0972968009383918,
                "median": 0.06924236289655822,
                "std": 0.09418958973170634,
                "count": 676
            },
            "adjusted": {
                "mean": 0.06577263743435285,
                "median": 0.03994855755243219,
                "std": 0.08983251335881735,
                "count": 1000
            }
        },
        "Aligned Surface IoU": {
            "success_only": {
                "mean": 0.4306968934911242,
                "median": 0.397175,
                "std": 0.3179515404690335,
                "count": 676
            },
            "adjusted": {
                "mean": 0.2911511,
                "median": 0.125675,
                "std": 0.3301148057400013,
                "count": 1000
            }
        },
        "Naive IoU": {
            "success_only": {
                "mean": 0.27324478223283266,
                "median": 0.1992756189329854,
                "std": 0.2592714927799011,
                "count": 676
            },
            "adjusted": {
                "mean": 0.18471347278939487,
                "median": 0.041244135702424245,
                "std": 0.24857467125331476,
                "count": 1000
            }
        },
        "Naive Chamfer Distance": {
            "success_only": {
                "mean": 0.35142573847032593,
                "median": 0.20069413368336214,
                "std": 0.33246119799120194,
                "count": 676
            },
            "adjusted": {
                "mean": 0.2375637992059403,
                "median": 0.07793495409531154,
                "std": 0.3189973145307956,
                "count": 1000
            }
        },
        "Naive Surface IoU": {
            "success_only": {
                "mean": 0.25339068047337276,
                "median": 0.11624999999999999,
                "std": 0.2777666811506776,
                "count": 676
            },
            "adjusted": {
                "mean": 0.1712921,
                "median": 0.03985,
                "std": 0.25730957746700023,
                "count": 1000
            }
        },
        "token_count": {
            "success_only": {
                "mean": 319.96449704142015,
                "median": 293.0,
                "std": 173.82517887736134,
                "count": 676
            },
            "adjusted": {
                "mean": 216.296,
                "median": 197.0,
                "std": 207.02946066099278,
                "count": 1000
            }
        },
        "line_count": {
            "success_only": {
                "mean": 48.624260355029584,
                "median": 48.0,
                "std": 19.40792362547098,
                "count": 676
            },
            "adjusted": {
                "mean": 32.87,
                "median": 36.0,
                "std": 27.80046700985373,
                "count": 1000
            }
        },
        "total_operations": {
            "success_only": {
                "mean": 20.99852071005917,
                "median": 16.0,
                "std": 16.560058978277066,
                "count": 676
            },
            "adjusted": {
                "mean": 14.195,
                "median": 9.0,
                "std": 16.791871305543705,
                "count": 1000
            }
        }
    },
    "hard": {
        "Aligned IoU": {
            "success_only": {
                "mean": 0.5278685525813097,