{
    "": {
        "Aligned IoU": {
            "success_only": {
                "mean": 0.427390474159496,
                "median": 0.4216068642612106,
                "std": 0.2529491477323674,
                "count": 2075
            },
            "adjusted": {
                "mean": 0.29561174462698475,
                "median": 0.23693422236021822,
                "std": 0.28847330438532,
                "count": 3000
            }
        },
        "Aligned Chamfer Distance": {
            "success_only": {
                "mean": 0.169124567436532,
                "median": 0.13581681701712023,
                "std": 0.1292720645150731,
                "count": 2075
            },
            "adjusted": {
                "mean": 0.11697782581026797,
                "median": 0.07935415511145721,
                "std": 0.13288699885136498,
                "count": 3000
            }
        },
        "Aligned Surface IoU": {
            "success_only": {
                "mean": 0.23730751807228914,
                "median": 0.1323,
                "std": 0.24147538744640304,
                "count": 2075
            },
            "adjusted": {
                "mean": 0.1641377,
                "median": 0.07145,
                "std": 0.22877777320698778,
                "count": 3000
            }
        },
        "Naive IoU": {
            "success_only": {
                "mean": 0.2090117912304945,
                "median": 0.11033907430618808,
                "std": 0.23374715949988178,
                "count": 2075
            },
            "adjusted": {
                "mean": 0.14456648893442534,
                "median": 0.0349917528942951,
                "std": 0.21703737003167053,
                "count": 3000
            }
        },
        "Naive Chamfer Distance": {
            "success_only": {
                "mean": 0.4735763059191448,
                "median": 0.4284630446962786,
                "std": 0.30809308942758257,
                "count": 2075
            },
            "adjusted": {
                "mean": 0.3275569449274085,
                "median": 0.2500258019467162,
                "std": 0.3368824427383789,
                "count": 3000
            }
        },
        "Naive Surface IoU": {
            "success_only": {
                "mean": 0.10377238554216867,
                "median": 0.04415,
                "std": 0.15802021675080943,
                "count": 2075
            },
            "adjusted": {
                "mean": 0.0717759,
                "median": 0.030475000000000002,
                "std": 0.13987837834263703,
                "count": 3000
            }
        },
        "token_count": {
            "success_only": {
                "mean": 303.35277108433735,
                "median": 288.0,
                "std": 178.76876636633673,
                "count": 2075
            },
            "adjusted": {
                "mean": 209.819,
                "median": 179.0,
                "std": 204.28629878095896,
                "count": 3000
            }
        },
        "line_count": {
            "success_only": {
                "mean": 50.61542168674699,
                "median": 49.0,
                "std": 27.015113332421155,
                "count": 2075
            },
            "adjusted": {
                "mean": 35.009,
                "median": 33.0,
                "std": 32.42317082481978,
                "count": 3000
            }
        },
        "total_operations": {
            "success_only": {
                "mean": 24.408192771084337,
                "median": 22.0,
                "std": 15.82570295508571,
                "count": 2075
            },
            "adjusted": {
                "mean": 16.88233333333333,
                "median": 13.0,
                "std": 17.329183133804005,
                "count": 3000
            }
        }
    }
}