split,aligned_iou_adjusted_median,aligned_chamfer_distance_success_only_median,aligned_surface_iou_adjusted_median,vsr,token_count_success_only_median,total_operations_success_only_median
easy,0.5174978256711374,0.09733415111875823,0.09720000000000001,0.817,96.0,9.0
medium,0.2477218605019296,0.10095968688274451,0.07095,0.638,245.0,19.0
hard,0.059868476199438594,0.08127973666417956,0.0242,0.519,301.0,19.0
