{
    "": {
        "Aligned IoU": {
            "success_only": {
                "mean": 0.48919877925717103,
                "median": 0.5216474325965378,
                "std": 0.25127128596809106,
                "count": 1689
            },
            "adjusted": {
                "mean": 0.2754189127217873,
                "median": 0.11235087751898504,
                "std": 0.30730396699129225,
                "count": 3000
            }
        },
        "Aligned Chamfer Distance": {
            "success_only": {
                "mean": 0.15177529852074975,
                "median": 0.1179879734353901,
                "std": 0.11791850416716357,
                "count": 1689
            },
            "adjusted": {
                "mean": 0.08544949306718212,
                "median": 0.04267767233814232,
                "std": 0.11617124285086128,
                "count": 3000
            }
        },
        "Aligned Surface IoU": {
            "success_only": {
                "mean": 0.21681296625222024,
                "median": 0.09865,
                "std": 0.2572646372604265,
                "count": 1689
            },
            "adjusted": {
                "mean": 0.1220657,
                "median": 0.02545,
                "std": 0.22095658239937524,
                "count": 3000
            }
        },
        "Naive IoU": {
            "success_only": {
                "mean": 0.3245181832400204,
                "median": 0.23840763225106426,
                "std": 0.2804951759116567,
                "count": 1689
            },
            "adjusted": {
                "mean": 0.1827037371641315,
                "median": 0.028342506205884688,
                "std": 0.26495784840184256,
                "count": 3000
            }
        },
        "Naive Chamfer Distance": {
            "success_only": {
                "mean": 0.37876834465735104,
                "median": 0.2787819711747277,
                "std": 0.3184869965964689,
                "count": 1689
            },
            "adjusted": {
                "mean": 0.21324657804208866,
                "median": 0.05341201655269159,
                "std": 0.3039757602875345,
                "count": 3000
            }
        },
        "Naive Surface IoU": {
            "success_only": {
                "mean": 0.15731634103019537,
                "median": 0.0554,
                "std": 0.22188897960630502,
                "count": 1689
            },
            "adjusted": {
                "mean": 0.0885691,
                "median": 0.021775,
                "std": 0.18385560712131316,
                "count": 3000
            }
        },
        "token_count": {
            "success_only": {
                "mean": 174.83362936648905,
                "median": 125.0,
                "std": 164.58169050486256,
                "count": 1689
            },
            "adjusted": {
                "mean": 98.43133333333333,
                "median": 55.0,
                "std": 150.89399021713916,
                "count": 3000
            }
        },
        "line_count": {
            "success_only": {
                "mean": 33.82889283599763,
                "median": 28.0,
                "std": 24.432971832685013,
                "count": 1689
            },
            "adjusted": {
                "mean": 19.045666666666666,
                "median": 13.0,
                "std": 24.852715486332098,
                "count": 3000
            }
        },
        "total_operations": {
            "success_only": {
                "mean": 16.925399644760212,
                "median": 13.0,
                "std": 14.299657809912533,
                "count": 1689
            },
            "adjusted": {
                "mean": 9.529,
                "median": 5.0,
                "std": 13.623375418226148,
                "count": 3000
            }
        }
    }
}