{
    "": {
        "Aligned IoU": {
            "success_only": {
                "mean": 0.5457330720617672,
                "median": 0.5788380897545506,
                "std": 0.24031672271734064,
                "count": 2457
            },
            "adjusted": {
                "mean": 0.44695538601858736,
                "median": 0.5068382210084094,
                "std": 0.302422629377912,
                "count": 3000
            }
        },
        "Aligned Chamfer Distance": {
            "success_only": {
                "mean": 0.1292826589357288,
                "median": 0.0938998464194143,
                "std": 0.1162738149909328,
                "count": 2457
            },
            "adjusted": {
                "mean": 0.10588249766836189,
                "median": 0.07236626622600886,
                "std": 0.11640545594561572,
                "count": 3000
            }
        },
        "Aligned Surface IoU": {
            "success_only": {
                "mean": 0.265008547008547,
                "median": 0.1183,
                "std": 0.29307389812471646,
                "count": 2457
            },
            "adjusted": {
                "mean": 0.21704199999999998,
                "median": 0.074975,
                "std": 0.28417396872778655,
                "count": 3000
            }
        },
        "Naive IoU": {
            "success_only": {
                "mean": 0.3546224849265714,
                "median": 0.3014202373286959,
                "std": 0.2867611483141494,
                "count": 2457
            },
            "adjusted": {
                "mean": 0.29043581515486194,
                "median": 0.17783296166151474,
                "std": 0.29324278848123997,
                "count": 3000
            }
        },
        "Naive Chamfer Distance": {
            "success_only": {
                "mean": 0.354882085123714,
                "median": 0.2304280778456933,
                "std": 0.31504066107319273,
                "count": 2457
            },
            "adjusted": {
                "mean": 0.29064842771632177,
                "median": 0.1480416436451378,
                "std": 0.31615803465173725,
                "count": 3000
            }
        },
        "Naive Surface IoU": {
            "success_only": {
                "mean": 0.1783887260887261,
                "median": 0.05865,
                "std": 0.2517745030415208,
                "count": 2457
            },
            "adjusted": {
                "mean": 0.14610036666666668,
                "median": 0.04365,
                "std": 0.2379744234266941,
                "count": 3000
            }
        },
        "token_count": {
            "success_only": {
                "mean": 151.42368742368743,
                "median": 121.0,
                "std": 118.536347216016,
                "count": 2457
            },
            "adjusted": {
                "mean": 124.016,
                "median": 99.0,
                "std": 122.09396404416847,
                "count": 3000
            }
        },
        "line_count": {
            "success_only": {
                "mean": 29.65242165242165,
                "median": 26.0,
                "std": 20.42798553139777,
                "count": 2457
            },
            "adjusted": {
                "mean": 24.285333333333334,
                "median": 22.0,
                "std": 21.7285671048898,
                "count": 3000
            }
        },
        "total_operations": {
            "success_only": {
                "mean": 14.393569393569393,
                "median": 11.0,
                "std": 10.164654589809626,
                "count": 2457
            },
            "adjusted": {
                "mean": 11.788333333333334,
                "median": 11.0,
                "std": 10.739396729003133,
                "count": 3000
            }
        }
    }
}