{
    "": {
        "Aligned IoU": {
            "success_only": {
                "mean": 0.4421694989886089,
                "median": 0.43865268650569467,
                "std": 0.2572652410725675,
                "count": 2932
            },
            "adjusted": {
                "mean": 0.4321469903448671,
                "median": 0.432531036098398,
                "std": 0.2627115199092864,
                "count": 3000
            }
        },
        "Aligned Chamfer Distance": {
            "success_only": {
                "mean": 0.17064437715746403,
                "median": 0.1396185271104089,
                "std": 0.1337846882794441,
                "count": 2932
            },
            "adjusted": {
                "mean": 0.16677643794189484,
                "median": 0.13550684496139248,
                "std": 0.13467667947257858,
                "count": 3000
            }
        },
        "Aligned Surface IoU": {
            "success_only": {
                "mean": 0.23382588676671215,
                "median": 0.08274999999999999,
                "std": 0.2958313821850177,
                "count": 2932
            },
            "adjusted": {
                "mean": 0.22852583333333332,
                "median": 0.0798,
                "std": 0.29452240584006395,
                "count": 3000
            }
        },
        "Naive IoU": {
            "success_only": {
                "mean": 0.3650896122577271,
                "median": 0.3323523799459463,
                "std": 0.2803595533033219,
                "count": 2932
            },
            "adjusted": {
                "mean": 0.3568142477132186,
                "median": 0.3160819743962045,
                "std": 0.2824411515419576,
                "count": 3000
            }
        },
        "Naive Chamfer Distance": {
            "success_only": {
                "mean": 0.2760015224135472,
                "median": 0.1798116510292564,
                "std": 0.2554402780724361,
                "count": 2932
            },
            "adjusted": {
                "mean": 0.2697454879055068,
                "median": 0.17154405424776192,
                "std": 0.2558482915159937,
                "count": 3000
            }
        },
        "Naive Surface IoU": {
            "success_only": {
                "mean": 0.21215900409276944,
                "median": 0.079025,
                "std": 0.27675093391746125,
                "count": 2932
            },
            "adjusted": {
                "mean": 0.20735006666666667,
                "median": 0.07635,
                "std": 0.27541224021579447,
                "count": 3000
            }
        },
        "token_count": {
            "success_only": {
                "mean": 330.4324693042292,
                "median": 244.0,
                "std": 252.97406533236182,
                "count": 2932
            },
            "adjusted": {
                "mean": 322.94266666666664,
                "median": 243.0,
                "std": 254.88115697506765,
                "count": 3000
            }
        },
        "line_count": {
            "success_only": {
                "mean": 19.36800818553888,
                "median": 16.0,
                "std": 14.396679731698576,
                "count": 2932
            },
            "adjusted": {
                "mean": 18.929,
                "median": 16.0,
                "std": 14.521624732157914,
                "count": 3000
            }
        },
        "total_operations": {
            "success_only": {
                "mean": 39.43144611186903,
                "median": 29.0,
                "std": 30.632161439495274,
                "count": 2932
            },
            "adjusted": {
                "mean": 38.53766666666667,
                "median": 29.0,
                "std": 30.84654087981837,
                "count": 3000
            }
        }
    }
}