{
    "easy": {
        "Aligned IoU": {
            "success_only": {
                "mean": 0.6279801284085136,
                "median": 0.656707218474841,
                "std": 0.20883180366836357,
                "count": 953
            },
            "adjusted": {
                "mean": 0.5990641264998132,
                "median": 0.6460908789955294,
                "std": 0.24277665755472402,
                "count": 999
            }
        },
        "Aligned Chamfer Distance": {
            "success_only": {
                "mean": 0.10658998806593094,
                "median": 0.07762906373540876,
                "std": 0.09243689176082569,
                "count": 953
            },
            "adjusted": {
                "mean": 0.10168194056739958,
                "median": 0.07295773181531867,
                "std": 0.09300699169234634,
                "count": 999
            }
        },
        "Aligned Surface IoU": {
            "success_only": {
                "mean": 0.34905482686253936,
                "median": 0.1837,
                "std": 0.33503893223979625,
                "count": 953
            },
            "adjusted": {
                "mean": 0.3329822322322322,
                "median": 0.16455,
                "std": 0.3353124504263806,
                "count": 999
            }
        },
        "Naive IoU": {
            "success_only": {
                "mean": 0.40591191196506904,
                "median": 0.38369360204822267,
                "std": 0.30669291273638755,
                "count": 953
            },
            "adjusted": {
                "mean": 0.3872212733760869,
                "median": 0.349187556660235,
                "std": 0.311399665441496,
                "count": 999
            }
        },
        "Naive Chamfer Distance": {
            "success_only": {
                "mean": 0.34434056104213845,
                "median": 0.22979436093554775,
                "std": 0.31291755699552015,
                "count": 953
            },
            "adjusted": {
                "mean": 0.3284850397128708,
                "median": 0.204555683280426,
                "std": 0.314034537959149,
                "count": 999
            }
        },
        "Naive Surface IoU": {
            "success_only": {
                "mean": 0.23399611752360966,
                "median": 0.098,
                "std": 0.28365818522622405,
                "count": 953
            },
            "adjusted": {
                "mean": 0.22322152152152153,
                "median": 0.08975,
                "std": 0.28135534458606204,
                "count": 999
            }
        },
        "token_count": {
            "success_only": {
                "mean": 67.4102833158447,
                "median": 57.0,
                "std": 55.00583027944013,
                "count": 953
            },
            "adjusted": {
                "mean": 64.30630630630631,
                "median": 55.0,
                "std": 55.55167186290434,
                "count": 999
            }
        },
        "line_count": {
            "success_only": {
                "mean": 11.998950682056662,
                "median": 10.0,
                "std": 10.361582594167672,
                "count": 953
            },
            "adjusted": {
                "mean": 11.446446446446446,
                "median": 10.0,
                "std": 10.428057040127328,
                "count": 999
            }
        },
        "total_operations": {
            "success_only": {
                "mean": 6.270724029380903,
                "median": 6.0,
                "std": 4.417087855871935,
                "count": 953
            },
            "adjusted": {
                "mean": 5.981981981981982,
                "median": 5.0,
                "std": 4.510028424350847,
                "count": 999
            }
        }
    },
    "medium": {
        "Aligned IoU": {
            "success_only": {
                "mean": 0.5431285113953029,
                "median": 0.570643279235069,
                "std": 0.22746413300879623,
                "count": 917
            },
            "adjusted": {
                "mean": 0.49804884494949275,
                "median": 0.5474251859311512,
                "std": 0.2644155231954752,
                "count": 1000
            }
        },
        "Aligned Chamfer Distance": {
            "success_only": {
                "mean": 0.12015273572839354,
                "median": 0.09230039403473889,
                "std": 0.09634224214998774,
                "count": 917
            },
            "adjusted": {
                "mean": 0.11018005866293687,
                "median": 0.08443490076188478,
                "std": 0.09803343715843907,
                "count": 1000
            }
        },
        "Aligned Surface IoU": {
            "success_only": {
                "mean": 0.3251986368593239,
                "median": 0.1974,
                "std": 0.30240811806210605,
                "count": 917
            },
            "adjusted": {
                "mean": 0.29820715000000003,
                "median": 0.1648,
                "std": 0.3031662543046748,
                "count": 1000
            }
        },
        "Naive IoU": {
            "success_only": {
                "mean": 0.34783290362201935,
                "median": 0.29645666904214024,
                "std": 0.29095630160888736,
                "count": 917
            },
            "adjusted": {
                "mean": 0.3189627726213918,
                "median": 0.23844936894059315,
                "std": 0.29468599980461974,
                "count": 1000
            }
        },
        "Naive Chamfer Distance": {
            "success_only": {
                "mean": 0.35249050432308354,
                "median": 0.2419832854256788,
                "std": 0.3131543754051207,
                "count": 917
            },
            "adjusted": {
                "mean": 0.3232337924642676,
                "median": 0.2049116868472014,
                "std": 0.3152527388869685,
                "count": 1000
            }
        },
        "Naive Surface IoU": {
            "success_only": {
                "mean": 0.21237328244274808,
                "median": 0.09985,
                "std": 0.2555013349088345,
                "count": 917
            },
            "adjusted": {
                "mean": 0.19474629999999998,
                "median": 0.084175,
                "std": 0.2515818293680571,
                "count": 1000
            }
        },
        "token_count": {
            "success_only": {
                "mean": 124.35005452562704,
                "median": 103.0,
                "std": 86.04413050031926,
                "count": 917
            },
            "adjusted": {
                "mean": 114.029,
                "median": 96.0,
                "std": 89.25556966215446,
                "count": 1000
            }
        },
        "line_count": {
            "success_only": {
                "mean": 22.623773173391495,
                "median": 19.0,
                "std": 15.328043260696013,
                "count": 917
            },
            "adjusted": {
                "mean": 20.746,
                "median": 18.0,
                "std": 15.950671080174272,
                "count": 1000
            }
        },
        "total_operations": {
            "success_only": {
                "mean": 10.379498364231189,
                "median": 9.0,
                "std": 7.118302764416772,
                "count": 917
            },
            "adjusted": {
                "mean": 9.518,
                "median": 8.0,
                "std": 7.393804456728913,
                "count": 1000
            }
        }
    },
    "hard": {
        "Aligned IoU": {
            "success_only": {
                "mean": 0.4695191482392348,