{
    "": {
        "Aligned IoU": {
            "success_only": {
                "mean": 0.4867152237025995,
                "median": 0.49004269439982295,
                "std": 0.2862789082131739,
                "count": 2727
            },
            "adjusted": {
                "mean": 0.44242413834566297,
                "median": 0.4353828461182341,
                "std": 0.3067525793391064,
                "count": 3000
            }
        },
        "Aligned Chamfer Distance": {
            "success_only": {
                "mean": 0.1266172164554916,
                "median": 0.10422764398011522,
                "std": 0.1011010279268519,
                "count": 2727
            },
            "adjusted": {
                "mean": 0.11509504975804186,
                "median": 0.09309033439318981,
                "std": 0.10304147327911015,
                "count": 3000
            }
        },
        "Aligned Surface IoU": {
            "success_only": {
                "mean": 0.3373263476347635,
                "median": 0.23205,
                "std": 0.27899846119274097,
                "count": 2727
            },
            "adjusted": {
                "mean": 0.30662965000000003,
                "median": 0.1958,
                "std": 0.2831430429146387,
                "count": 3000
            }
        },
        "Naive IoU": {
            "success_only": {
                "mean": 0.5137608323953646,
                "median": 0.5275778084638546,
                "std": 0.28013507096061385,
                "count": 2727
            },
            "adjusted": {
                "mean": 0.4670085966473864,
                "median": 0.4829132446090787,
                "std": 0.3052424744624158,
                "count": 3000
            }
        },
        "Naive Chamfer Distance": {
            "success_only": {
                "mean": 0.10841367711282776,
                "median": 0.08785715600961877,
                "std": 0.09251640247401352,
                "count": 2727
            },
            "adjusted": {
                "mean": 0.09854803249556043,
                "median": 0.07784115424815059,
                "std": 0.09355583441315497,
                "count": 3000
            }
        },
        "Naive Surface IoU": {
            "success_only": {
                "mean": 0.4052361019435277,
                "median": 0.3503,
                "std": 0.2791517322165666,
                "count": 2727
            },
            "adjusted": {
                "mean": 0.3683596166666667,
                "median": 0.298775,
                "std": 0.29055193122446415,
                "count": 3000
            }
        },
        "token_count": {
            "success_only": {
                "mean": 320.04657132379907,
                "median": 319.0,
                "std": 142.21122815582586,
                "count": 2727
            },
            "adjusted": {
                "mean": 290.9223333333333,
                "median": 298.0,
                "std": 163.88639119105687,
                "count": 3000
            }
        },
        "line_count": {
            "success_only": {
                "mean": 3.7114044737807115,
                "median": 4.0,
                "std": 0.45319252340130806,
                "count": 2727
            },
            "adjusted": {
                "mean": 3.373666666666667,
                "median": 4.0,
                "std": 1.151730024603023,
                "count": 3000
            }
        },
        "total_operations": {
            "success_only": {
                "mean": 34.30876420975431,
                "median": 34.0,
                "std": 15.15081943713926,
                "count": 2727
            },
            "adjusted": {
                "mean": 31.186666666666667,
                "median": 32.0,
                "std": 17.4943373553289,
                "count": 3000
            }
        }
    }
}