{
    "": {
        "Aligned IoU": {
            "success_only": {
                "mean": 0.6924995742523543,
                "median": 0.8067782698050066,
                "std": 0.2883350773686225,
                "count": 2874
            },
            "adjusted": {
                "mean": 0.6634145921337554,
                "median": 0.7862206045542708,
                "std": 0.3145568774016785,
                "count": 3000
            }
        },
        "Aligned Chamfer Distance": {
            "success_only": {
                "mean": 0.07924143296907865,
                "median": 0.04538588119831523,
                "std": 0.08512695284946319,
                "count": 2874
            },
            "adjusted": {
                "mean": 0.07591329278437735,
                "median": 0.04298365427205095,
                "std": 0.08482260205874384,
                "count": 3000
            }
        },
        "Aligned Surface IoU": {
            "success_only": {
                "mean": 0.5455864474599861,
                "median": 0.5879,
                "std": 0.354801447646246,
                "count": 2874
            },
            "adjusted": {
                "mean": 0.5226718166666667,
                "median": 0.54965,
                "std": 0.36410987184656896,
                "count": 3000
            }
        },
        "Naive IoU": {
            "success_only": {
                "mean": 0.7326766932806604,
                "median": 0.8440343528251042,
                "std": 0.27049237958389677,
                "count": 2874
            },
            "adjusted": {
                "mean": 0.7019042721628727,
                "median": 0.8308026960872836,
                "std": 0.3028178023283687,
                "count": 3000
            }
        },
        "Naive Chamfer Distance": {
            "success_only": {
                "mean": 0.060566995468021176,
                "median": 0.03917360229998906,
                "std": 0.05854705458802088,
                "count": 2874
            },
            "adjusted": {
                "mean": 0.05802318165836429,
                "median": 0.037162169675031186,
                "std": 0.05857809457750195,
                "count": 3000
            }
        },
        "Naive Surface IoU": {
            "success_only": {
                "mean": 0.6366202853166318,
                "median": 0.6914750000000001,
                "std": 0.2973779722195681,
                "count": 2874
            },
            "adjusted": {
                "mean": 0.6098822333333334,
                "median": 0.657225,
                "std": 0.3178532783925214,
                "count": 3000
            }
        },
        "token_count": {
            "success_only": {
                "mean": 197.64439805149618,
                "median": 158.0,
                "std": 133.98844386378573,
                "count": 2874
            },
            "adjusted": {
                "mean": 189.34333333333333,
                "median": 149.0,
                "std": 137.00695270892544,
                "count": 3000
            }
        },
        "line_count": {
            "success_only": {
                "mean": 3.393180236604036,
                "median": 3.0,
                "std": 0.48854128135113767,
                "count": 2874
            },
            "adjusted": {
                "mean": 3.2506666666666666,
                "median": 3.0,
                "std": 0.8319035862092456,
                "count": 3000
            }
        },
        "total_operations": {
            "success_only": {
                "mean": 21.00347947112039,
                "median": 17.0,
                "std": 13.929537327759057,
                "count": 2874
            },
            "adjusted": {
                "mean": 20.121333333333332,
                "median": 16.0,
                "std": 14.270102434696156,
                "count": 3000
            }
        }
    }
}