{
    "": {
        "Aligned IoU": {
            "success_only": {
                "mean": 0.5312521972110384,
                "median": 0.5879983151939068,
                "std": 0.26381960251876163,
                "count": 2476
            },
            "adjusted": {
                "mean": 0.4384601467648437,
                "median": 0.5168013084664143,
                "std": 0.3132714074954639,
                "count": 3000
            }
        },
        "Aligned Chamfer Distance": {
            "success_only": {
                "mean": 0.1291335417951237,
                "median": 0.08907509190997621,
                "std": 0.12152342281328357,
                "count": 2476
            },
            "adjusted": {
                "mean": 0.10657821649490876,
                "median": 0.07137673844112785,
                "std": 0.12079868725149528,
                "count": 3000
            }
        },
        "Aligned Surface IoU": {
            "success_only": {
                "mean": 0.27958449111470113,
                "median": 0.12,
                "std": 0.305390058208034,
                "count": 2476
            },
            "adjusted": {
                "mean": 0.23075040000000002,
                "median": 0.08235,
                "std": 0.2970520942310775,
                "count": 3000
            }
        },
        "Naive IoU": {
            "success_only": {
                "mean": 0.3858421915613194,
                "median": 0.35840182693052525,
                "std": 0.30734243802829186,
                "count": 2476
            },
            "adjusted": {
                "mean": 0.3184484221019423,
                "median": 0.19439907651313615,
                "std": 0.3153150241549904,
                "count": 3000
            }
        },
        "Naive Chamfer Distance": {
            "success_only": {
                "mean": 0.30765218688985285,
                "median": 0.1639426880988809,
                "std": 0.30452881879705257,
                "count": 2476
            },
            "adjusted": {
                "mean": 0.2539156049130919,
                "median": 0.10424385092927994,
                "std": 0.30030535133298614,
                "count": 3000
            }
        },
        "Naive Surface IoU": {
            "success_only": {
                "mean": 0.2212656098546042,
                "median": 0.0738,
                "std": 0.2854040167542604,
                "count": 2476
            },
            "adjusted": {
                "mean": 0.18261788333333334,
                "median": 0.052225,
                "std": 0.2725495838336619,
                "count": 3000
            }
        },
        "token_count": {
            "success_only": {
                "mean": 156.7940226171244,
                "median": 126.0,
                "std": 121.13836641956965,
                "count": 2476
            },
            "adjusted": {
                "mean": 129.40733333333333,
                "median": 108.0,
                "std": 125.12283026599705,
                "count": 3000
            }
        },
        "line_count": {
            "success_only": {
                "mean": 30.946688206785137,
                "median": 28.0,
                "std": 16.951802893817124,
                "count": 2476
            },
            "adjusted": {
                "mean": 25.541333333333334,
                "median": 24.0,
                "std": 19.37162989796823,
                "count": 3000
            }
        },
        "total_operations": {
            "success_only": {
                "mean": 12.675686591276252,
                "median": 10.0,
                "std": 11.143083669694672,
                "count": 2476
            },
            "adjusted": {
                "mean": 10.461666666666666,
                "median": 8.0,
                "std": 11.209062326898923,
                "count": 3000
            }
        }
    }
}