split,aligned_iou_adjusted_median,aligned_chamfer_distance_success_only_median,aligned_surface_iou_adjusted_median,vsr,token_count_success_only_median,total_operations_success_only_median
easy,0.04615379926889758,0.3981070986224342,0.0303,0.886,128.0,14.0
medium,0.028995156793280873,0.3891205423996006,0.03635,0.884,151.5,16.0
hard,0.023935214428479994,0.4128502968996556,0.035025,0.835,179.0,19.0
