{
    "": {
        "Aligned IoU": {
            "success_only": {
                "mean": 0.23865134482873637,
                "median": 0.15603958014784075,
                "std": 0.238976139418964,
                "count": 2980
            },
            "adjusted": {
                "mean": 0.23706033586321149,
                "median": 0.15280966006483787,
                "std": 0.23896867683375536,
                "count": 3000
            }
        },
        "Aligned Chamfer Distance": {
            "success_only": {
                "mean": 0.3936101846284235,
                "median": 0.3483482653844997,
                "std": 0.25008318791598155,
                "count": 2980
            },
            "adjusted": {
                "mean": 0.39098611673090067,
                "median": 0.34560937852101004,
                "std": 0.25129829698465095,
                "count": 3000
            }
        },
        "Aligned Surface IoU": {
            "success_only": {
                "mean": 0.11462656040268457,
                "median": 0.059675000000000006,
                "std": 0.15490935298395675,
                "count": 2980
            },
            "adjusted": {
                "mean": 0.11386238333333333,
                "median": 0.059225,
                "std": 0.15467357547149466,
                "count": 3000
            }
        },
        "Naive IoU": {
            "success_only": {
                "mean": 0.15556888724261442,
                "median": 0.019373943969067345,
                "std": 0.22835851446489847,
                "count": 2980
            },
            "adjusted": {
                "mean": 0.15453176132766366,
                "median": 0.01863020217914471,
                "std": 0.22794772822002649,
                "count": 3000
            }
        },
        "Naive Chamfer Distance": {
            "success_only": {
                "mean": 0.8632999321067272,
                "median": 0.6979251653923054,
                "std": 0.696051333712285,
                "count": 2980
            },
            "adjusted": {
                "mean": 0.8575445992260157,
                "median": 0.684907598373617,
                "std": 0.69727581780752,
                "count": 3000
            }
        },
        "Naive Surface IoU": {
            "success_only": {
                "mean": 0.0850190100671141,
                "median": 0.024775,
                "std": 0.14479927760208328,
                "count": 2980
            },
            "adjusted": {
                "mean": 0.08445221666666666,
                "median": 0.0242,
                "std": 0.14448144598412715,
                "count": 3000
            }
        },
        "token_count": {
            "success_only": {
                "mean": 186.6530201342282,
                "median": 181.0,
                "std": 58.639582296342184,
                "count": 2980
            },
            "adjusted": {
                "mean": 185.40866666666668,
                "median": 181.0,
                "std": 60.385923951635576,
                "count": 3000
            }
        },
        "line_count": {
            "success_only": {
                "mean": 16.550335570469798,
                "median": 16.0,
                "std": 4.579661155101469,
                "count": 2980
            },
            "adjusted": {
                "mean": 16.44,
                "median": 16.0,
                "std": 4.758986164766482,
                "count": 3000
            }
        },
        "total_operations": {
            "success_only": {
                "mean": 14.551677852348993,
                "median": 14.0,
                "std": 4.581844640067955,
                "count": 2980
            },
            "adjusted": {
                "mean": 14.454666666666666,
                "median": 14.0,
                "std": 4.717629726070032,
                "count": 3000
            }
        }
    }
}