{
    "": {
        "Aligned IoU": {
            "success_only": {
                "mean": 0.6956976366921758,
                "median": 0.8104138512201517,
                "std": 0.2910775559453845,
                "count": 2794
            },
            "adjusted": {
                "mean": 0.6479263989726464,
                "median": 0.781669925609177,
                "std": 0.33146479250154287,
                "count": 3000
            }
        },
        "Aligned Chamfer Distance": {
            "success_only": {
                "mean": 0.07933010579113467,
                "median": 0.0446827206128215,
                "std": 0.09094539897751328,
                "count": 2794
            },
            "adjusted": {
                "mean": 0.07388277186014343,
                "median": 0.039935493395885785,
                "std": 0.09003070610553807,
                "count": 3000
            }
        },
        "Aligned Surface IoU": {
            "success_only": {
                "mean": 0.5495683965640659,
                "median": 0.601475,
                "std": 0.354844080066223,
                "count": 2794
            },
            "adjusted": {
                "mean": 0.5118313666666666,
                "median": 0.52535,
                "std": 0.36957645691200797,
                "count": 3000
            }
        },
        "Naive IoU": {
            "success_only": {
                "mean": 0.7371926336221328,
                "median": 0.8530357558036146,
                "std": 0.2702973411525159,
                "count": 2794
            },
            "adjusted": {
                "mean": 0.6865720727800797,
                "median": 0.8277776032007773,
                "std": 0.3206374907146716,
                "count": 3000
            }
        },
        "Naive Chamfer Distance": {
            "success_only": {
                "mean": 0.06023026554146682,
                "median": 0.038131346895392354,
                "std": 0.06299242924387692,
                "count": 2794
            },
            "adjusted": {
                "mean": 0.0560944539742861,
                "median": 0.03468920429345766,
                "std": 0.06267021808847505,
                "count": 3000
            }
        },
        "Naive Surface IoU": {
            "success_only": {
                "mean": 0.6402931818181817,
                "median": 0.6974750000000001,
                "std": 0.2983025061006713,
                "count": 2794
            },
            "adjusted": {
                "mean": 0.5963263833333333,
                "median": 0.651125,
                "std": 0.33030196935795003,
                "count": 3000
            }
        },
        "token_count": {
            "success_only": {
                "mean": 218.57766642806013,
                "median": 179.0,
                "std": 144.90472646418237,
                "count": 2794
            },
            "adjusted": {
                "mean": 203.56866666666667,
                "median": 164.0,
                "std": 150.3710735862431,
                "count": 3000
            }
        },
        "line_count": {
            "success_only": {
                "mean": 3.4277022190408015,
                "median": 3.0,
                "std": 0.49483398115232397,
                "count": 2794
            },
            "adjusted": {
                "mean": 3.1923333333333335,
                "median": 3.0,
                "std": 0.9897816820634103,
                "count": 3000
            }
        },
        "total_operations": {
            "success_only": {
                "mean": 23.097709377236935,
                "median": 19.0,
                "std": 14.974788758688792,
                "count": 2794
            },
            "adjusted": {
                "mean": 21.511666666666667,
                "median": 18.0,
                "std": 15.58752238726904,
                "count": 3000
            }
        }
    }
}