{
    "": {
        "Aligned IoU": {
            "success_only": {
                "mean": 0.42670833699870814,
                "median": 0.42322249900276476,
                "std": 0.25926162912617756,
                "count": 1797
            },
            "adjusted": {
                "mean": 0.2555982938622262,
                "median": 0.128677863689787,
                "std": 0.28983403807023383,
                "count": 3000
            }
        },
        "Aligned Chamfer Distance": {
            "success_only": {
                "mean": 0.17237592349040856,
                "median": 0.13291442064545989,
                "std": 0.13644136789242908,
                "count": 1797
            },
            "adjusted": {
                "mean": 0.10325317817075472,
                "median": 0.055141549669536646,
                "std": 0.13523374451030287,
                "count": 3000
            }
        },
        "Aligned Surface IoU": {
            "success_only": {
                "mean": 0.23514668892598775,
                "median": 0.13125,
                "std": 0.23993126294785871,
                "count": 1797
            },
            "adjusted": {
                "mean": 0.14085286666666666,
                "median": 0.044225,
                "std": 0.2185427327369326,
                "count": 3000
            }
        },
        "Naive IoU": {
            "success_only": {
                "mean": 0.20508088628476542,
                "median": 0.10666125098832899,
                "std": 0.23777615477679784,
                "count": 1797
            },
            "adjusted": {
                "mean": 0.12284345088457449,
                "median": 0.013702439169663275,
                "std": 0.20967618270135177,
                "count": 3000
            }
        },
        "Naive Chamfer Distance": {
            "success_only": {
                "mean": 0.49757647837241165,
                "median": 0.4595061982929626,
                "std": 0.32285410392575314,
                "count": 1797
            },
            "adjusted": {
                "mean": 0.2980483105450746,
                "median": 0.14236752845679246,
                "std": 0.34915835127962624,
                "count": 3000
            }
        },
        "Naive Surface IoU": {
            "success_only": {
                "mean": 0.10795080690038954,
                "median": 0.04165,
                "std": 0.16803883511418172,
                "count": 1797
            },
            "adjusted": {
                "mean": 0.06466253333333333,
                "median": 0.0202,
                "std": 0.1403933053590714,
                "count": 3000
            }
        },
        "token_count": {
            "success_only": {
                "mean": 297.00333889816363,
                "median": 238.0,
                "std": 255.60626430048134,
                "count": 1797
            },
            "adjusted": {
                "mean": 177.905,
                "median": 76.0,
                "std": 245.60521563880354,
                "count": 3000
            }
        },
        "line_count": {
            "success_only": {
                "mean": 42.27601558152476,
                "median": 39.0,
                "std": 29.886842047051633,
                "count": 1797
            },
            "adjusted": {
                "mean": 25.323333333333334,
                "median": 16.0,
                "std": 31.054193112345427,
                "count": 3000
            }
        },
        "total_operations": {
            "success_only": {
                "mean": 25.6850306065665,
                "median": 18.0,
                "std": 28.337762815807537,
                "count": 1797
            },
            "adjusted": {
                "mean": 15.385333333333334,
                "median": 5.0,
                "std": 25.28683437851639,
                "count": 3000
            }
        }
    }
}