{
    "easy": {
        "Aligned IoU": {
            "success_only": {
                "mean": 0.8195214377481194,
                "median": 0.9318729495188409,
                "std": 0.24930447202412687,
                "count": 982
            },
            "adjusted": {
                "mean": 0.8047700518686532,
                "median": 0.9292731553670934,
                "std": 0.27003001292969386,
                "count": 1000
            }
        },
        "Aligned Chamfer Distance": {
            "success_only": {
                "mean": 0.061737464746872174,
                "median": 0.03125058723544289,
                "std": 0.08992224686677851,
                "count": 982
            },
            "adjusted": {
                "mean": 0.060626190381428476,
                "median": 0.030817577503208606,
                "std": 0.08948606802198569,
                "count": 1000
            }
        },
        "Aligned Surface IoU": {
            "success_only": {
                "mean": 0.6792742362525458,
                "median": 0.7812749999999999,
                "std": 0.3019733491325306,
                "count": 982
            },
            "adjusted": {
                "mean": 0.6670472999999999,
                "median": 0.775525,
                "std": 0.31258436816310864,
                "count": 1000
            }
        },
        "Naive IoU": {
            "success_only": {
                "mean": 0.750047800840619,
                "median": 0.9174106360412863,
                "std": 0.33212352779724164,
                "count": 982
            },
            "adjusted": {
                "mean": 0.7365469404254879,
                "median": 0.9147726053419684,
                "std": 0.34390770992330644,
                "count": 1000
            }
        },
        "Naive Chamfer Distance": {
            "success_only": {
                "mean": 0.14711507830741816,
                "median": 0.033804505935894485,
                "std": 0.3307238210075042,
                "count": 982
            },
            "adjusted": {
                "mean": 0.14446700689788464,
                "median": 0.033358832900337004,
                "std": 0.3283144962852044,
                "count": 1000
            }
        },
        "Naive Surface IoU": {
            "success_only": {
                "mean": 0.6475590631364563,
                "median": 0.7346250000000001,
                "std": 0.31338367738299605,
                "count": 982
            },
            "adjusted": {
                "mean": 0.635903,
                "median": 0.7256,
                "std": 0.3222721471797521,
                "count": 1000
            }
        },
        "token_count": {
            "success_only": {
                "mean": 192.94602851323828,
                "median": 181.0,
                "std": 103.07159383243875,
                "count": 982
            },
            "adjusted": {
                "mean": 189.473,
                "median": 176.0,
                "std": 105.31399863887665,
                "count": 1000
            }
        },
        "line_count": {
            "success_only": {
                "mean": 17.476578411405296,
                "median": 17.0,
                "std": 8.492544028793803,
                "count": 982
            },
            "adjusted": {
                "mean": 17.162,
                "median": 16.5,
                "std": 8.730863873866317,
                "count": 1000
            }
        },
        "total_operations": {
            "success_only": {
                "mean": 15.476578411405296,
                "median": 15.0,
                "std": 8.492544028793805,
                "count": 982
            },
            "adjusted": {
                "mean": 15.198,
                "median": 14.5,
                "std": 8.663824666846498,
                "count": 1000
            }
        }
    },
    "medium": {
        "Aligned IoU": {
            "success_only": {
                "mean": 0.5323130056842782,
                "median": 0.5657284758262249,
                "std": 0.30629341354389106,
                "count": 982
            },
            "adjusted": {
                "mean": 0.5227313715819611,
                "median": 0.5516887770947543,
                "std": 0.31167116867883093,
                "count": 1000
            }
        },
        "Aligned Chamfer Distance": {
            "success_only": {
                "mean": 0.1044986172671036,
                "median": 0.06159030435844439,
                "std": 0.11137298931193398,
                "count": 982
            },
            "adjusted": {
                "mean": 0.10261764215629575,
                "median": 0.06035904855275534,
                "std": 0.1112369665606461,
                "count": 1000
            }
        },
        "Aligned Surface IoU": {
            "success_only": {
                "mean": 0.49867118126272914,
                "median": 0.499275,
                "std": 0.3315260168932367,
                "count": 982
            },
            "adjusted": {
                "mean": 0.48969510000000005,
                "median": 0.490625,
                "std": 0.3351553244131331,
                "count": 1000
            }
        },
        "Naive IoU": {
            "success_only": {
                "mean": 0.5107425582770332,
                "median": 0.5233726607839086,
                "std": 0.3186860259096303,
                "count": 982
            },
            "adjusted": {
                "mean": 0.5015491922280466,
                "median": 0.5116816607421213,
                "std": 0.32302693377898833,
                "count": 1000
            }
        },
        "Naive Chamfer Distance": {
            "success_only": {
                "mean": 0.17965201617075027,
                "median": 0.06278183288422892,
                "std": 0.3279658968850786,
                "count": 982
            },
            "adjusted": {
                "mean": 0.17641827987967676,
                "median": 0.06186431871655004,
                "std": 0.3258751960432291,
                "count": 1000
            }
        },
        "Naive Surface IoU": {
            "success_only": {
                "mean": 0.5133768839103869,
                "median": 0.53755,
                "std": 0.3229372068562793,
                "count": 982
            },
            "adjusted": {
                "mean": 0.5041361,
                "median": 0.5172749999999999,
                "std": 0.3272195663868778,
                "count": 1000
            }
        },
        "token_count": {
            "success_only": {
                "mean": 470.9989816700611,
                "median": 452.0,
                "std": 243.93919171552426,
                "count": 982
            },
            "adjusted": {
                "mean": 462.521,
                "median": 448.0,
                "std": 249.71846722233403,
                "count": 1000
            }
        },
        "line_count": {
            "success_only": {
                "mean": 36.5020366598778,
                "median": 35.5,
                "std": 16.99791604204336,
                "count": 982
            },
            "adjusted": {
                "mean": 35.845,
                "median": 35.0,
                "std": 17.529925078940668,
                "count": 1000
            }
        },
        "total_operations": {
            "success_only": {
                "mean": 34.65682281059063,
                "median": 34.0,
                "std": 17.19040546491218,
                "count": 982
            },
            "adjusted": {
                "mean": 34.033,
                "median": 33.0,
                "std": 17.64758760704558,
                "count": 1000
            }
        }
    },
    "hard": {
        "Aligned IoU": {
            "success_only": {
                "mean": 0.5696074367027287,