split,aligned_iou_adjusted_median,aligned_chamfer_distance_success_only_median,aligned_surface_iou_adjusted_median,vsr,token_count_success_only_median,total_operations_success_only_median
easy,0.12091559227957341,0.36776611589244274,0.057925000000000004,0.993,177.0,14.0
medium,0.14441791699145468,0.36162851349641234,0.0604,0.997,197.0,15.0
hard,0.15155804361720687,0.3073371451496206,0.0703,0.994,215.0,17.0
