{
    "": {
        "Aligned IoU": {
            "success_only": {
                "mean": 0.39639574709822467,
                "median": 0.37487819954364043,
                "std": 0.25073020816685704,
                "count": 2184
            },
            "adjusted": {
                "mean": 0.28857610388750754,
                "median": 0.22960631881774696,
                "std": 0.2772814989073318,
                "count": 3000
            }
        },
        "Aligned Chamfer Distance": {
            "success_only": {
                "mean": 0.18228512657520313,
                "median": 0.14886270861466558,
                "std": 0.13348915426690675,
                "count": 2184
            },
            "adjusted": {
                "mean": 0.13270357214674786,
                "median": 0.09832585450097117,
                "std": 0.13983103056283222,
                "count": 3000
            }
        },
        "Aligned Surface IoU": {
            "success_only": {
                "mean": 0.2172331043956044,
                "median": 0.1193,
                "std": 0.22854681167974078,
                "count": 2184
            },
            "adjusted": {
                "mean": 0.1581457,
                "median": 0.06985,
                "std": 0.21764395465647468,
                "count": 3000
            }
        },
        "Naive IoU": {
            "success_only": {
                "mean": 0.2202938518776321,
                "median": 0.12379787703880973,
                "std": 0.2396112178882252,
                "count": 2184
            },
            "adjusted": {
                "mean": 0.16037392416691615,
                "median": 0.04812144948174102,
                "std": 0.22672592484398532,
                "count": 3000
            }
        },
        "Naive Chamfer Distance": {
            "success_only": {
                "mean": 0.44101573838517916,
                "median": 0.3877414665387109,
                "std": 0.30481512076593437,
                "count": 2184
            },
            "adjusted": {
                "mean": 0.3210594575444104,
                "median": 0.24123244582146255,
                "std": 0.3258184115351402,
                "count": 3000
            }
        },
        "Naive Surface IoU": {
            "success_only": {
                "mean": 0.11507944139194139,
                "median": 0.047425,
                "std": 0.16767605173839656,
                "count": 2184
            },
            "adjusted": {
                "mean": 0.08377783333333333,
                "median": 0.033575,
                "std": 0.15194937780867784,
                "count": 3000
            }
        },
        "token_count": {
            "success_only": {
                "mean": 257.99313186813185,
                "median": 242.5,
                "std": 158.8548906071265,
                "count": 2184
            },
            "adjusted": {
                "mean": 187.819,
                "median": 164.0,
                "std": 177.63201086167138,
                "count": 3000
            }
        },
        "line_count": {
            "success_only": {
                "mean": 42.062728937728934,
                "median": 41.0,
                "std": 23.287979890738672,
                "count": 2184
            },
            "adjusted": {
                "mean": 30.621666666666666,
                "median": 29.0,
                "std": 27.29886945119389,
                "count": 3000
            }
        },
        "total_operations": {
            "success_only": {
                "mean": 21.64331501831502,
                "median": 19.0,
                "std": 14.637396843316271,
                "count": 2184
            },
            "adjusted": {
                "mean": 15.756333333333334,
                "median": 13.0,
                "std": 15.771658387489031,
                "count": 3000
            }
        }
    }
}