{
    "easy": {
        "Aligned IoU": {
            "success_only": {
                "mean": 0.5678896132465738,
                "median": 0.6005557777058457,
                "std": 0.23678852164879544,
                "count": 899
            },
            "adjusted": {
                "mean": 0.5105327623086698,
                "median": 0.5674064254750859,
                "std": 0.28233322435452013,
                "count": 1000
            }
        },
        "Aligned Chamfer Distance": {
            "success_only": {
                "mean": 0.1168828228781691,
                "median": 0.08079339661004431,
                "std": 0.11200710519964535,
                "count": 899
            },
            "adjusted": {
                "mean": 0.10507765776747402,
                "median": 0.07152579436421924,
                "std": 0.11188797651728642,
                "count": 1000
            }
        },
        "Aligned Surface IoU": {
            "success_only": {
                "mean": 0.34716546162402667,
                "median": 0.1823,
                "std": 0.3373934673818412,
                "count": 899
            },
            "adjusted": {
                "mean": 0.31210174999999996,
                "median": 0.13774999999999998,
                "std": 0.33657090438437426,
                "count": 1000
            }
        },
        "Naive IoU": {
            "success_only": {
                "mean": 0.27284020539048875,
                "median": 0.15601674555478712,
                "std": 0.27761302512352815,
                "count": 899
            },
            "adjusted": {
                "mean": 0.24528334464604942,
                "median": 0.11727680613063718,
                "std": 0.2757593820182534,
                "count": 1000
            }
        },
        "Naive Chamfer Distance": {
            "success_only": {
                "mean": 0.4947206106649514,
                "median": 0.4920155916886411,
                "std": 0.35177384470582923,
                "count": 899
            },
            "adjusted": {
                "mean": 0.44475382898779126,
                "median": 0.42418513376340117,
                "std": 0.365348136844545,
                "count": 1000
            }
        },
        "Naive Surface IoU": {
            "success_only": {
                "mean": 0.15937324805339265,
                "median": 0.0455,
                "std": 0.2490557703219123,
                "count": 899
            },
            "adjusted": {
                "mean": 0.14327654999999997,
                "median": 0.041124999999999995,
                "std": 0.24096926578850691,
                "count": 1000
            }
        },
        "token_count": {
            "success_only": {
                "mean": 80.20689655172414,
                "median": 59.0,
                "std": 74.17068977616668,
                "count": 899
            },
            "adjusted": {
                "mean": 72.106,
                "median": 48.0,
                "std": 74.36270958334269,
                "count": 1000
            }
        },
        "line_count": {
            "success_only": {
                "mean": 14.931034482758621,
                "median": 11.0,
                "std": 13.811720118282098,
                "count": 899
            },
            "adjusted": {
                "mean": 13.423,
                "median": 10.0,
                "std": 13.847014508940582,
                "count": 1000
            }
        },
        "total_operations": {
            "success_only": {
                "mean": 6.8453837597330365,
                "median": 6.0,
                "std": 5.578105898504014,
                "count": 899
            },
            "adjusted": {
                "mean": 6.154,
                "median": 4.0,
                "std": 5.677016162784151,
                "count": 1000
            }
        }
    },
    "medium": {
        "Aligned IoU": {
            "success_only": {
                "mean": 0.4951063858637447,
                "median": 0.5128004382921688,
                "std": 0.2307341766532416,
                "count": 876
            },
            "adjusted": {
                "mean": 0.4337131940166404,
                "median": 0.4686910387841113,
                "std": 0.27070980563533226,
                "count": 1000
            }
        },
        "Aligned Chamfer Distance": {
            "success_only": {
                "mean": 0.12877690786233653,
                "median": 0.10028417385875624,
                "std": 0.10096172615029152,
                "count": 876
            },
            "adjusted": {
                "mean": 0.1128085712874068,
                "median": 0.08526262837065024,
                "std": 0.10359154319497535,
                "count": 1000
            }
        },
        "Aligned Surface IoU": {
            "success_only": {
                "mean": 0.2945424086757991,
                "median": 0.16005,
                "std": 0.28379294290434004,
                "count": 876
            },
            "adjusted": {
                "mean": 0.25801915000000003,
                "median": 0.129025,
                "std": 0.28279817025730286,
                "count": 1000
            }
        },
        "Naive IoU": {
            "success_only": {
                "mean": 0.23605804952008433,
                "median": 0.12429905405912803,
                "std": 0.25259489468475915,
                "count": 876
            },
            "adjusted": {
                "mean": 0.20678685137959388,
                "median": 0.09185297058567586,
                "std": 0.24888451261258238,
                "count": 1000
            }
        },
        "Naive Chamfer Distance": {
            "success_only": {
                "mean": 0.4746089919065551,
                "median": 0.43448740415726084,
                "std": 0.3385526643458957,
                "count": 876
            },
            "adjusted": {
                "mean": 0.41575747691014225,
                "median": 0.3495497618902319,
                "std": 0.35338860920395376,
                "count": 1000
            }
        },
        "Naive Surface IoU": {
            "success_only": {
                "mean": 0.14463738584474886,
                "median": 0.04885,
                "std": 0.21189582563976664,
                "count": 876
            },
            "adjusted": {
                "mean": 0.12670235,
                "median": 0.042925,
                "std": 0.20396414726698375,
                "count": 1000
            }
        },
        "token_count": {
            "success_only": {
                "mean": 164.43721461187215,
                "median": 127.0,
                "std": 117.80417429811776,
                "count": 876
            },
            "adjusted": {
                "mean": 144.047,
                "median": 113.0,
                "std": 122.86309507387124,
                "count": 1000
            }
        },
        "line_count": {
            "success_only": {
                "mean": 31.777397260273972,
                "median": 27.0,
                "std": 20.135529152385725,
                "count": 876
            },
            "adjusted": {
                "mean": 27.837,
                "median": 24.5,
                "std": 21.561849279325365,
                "count": 1000
            }
        },
        "total_operations": {
            "success_only": {
                "mean": 14.11986301369863,
                "median": 12.0,
                "std": 10.051206857661374,
                "count": 876
            },
            "adjusted": {
                "mean": 12.369,
                "median": 10.0,
                "std": 10.495951791238566,
                "count": 1000
            }
        }
    },
    "hard": {
        "Aligned IoU": {
            "success_only": {
                "mean": 0.4617377073560391,