{
    "": {
        "Aligned IoU": {
            "success_only": {
                "mean": 0.44179366269663956,
                "median": 0.42437944164921887,
                "std": 0.271631929154401,
                "count": 2572
            },
            "adjusted": {
                "mean": 0.3787644334852523,
                "median": 0.34411759256489327,
                "std": 0.2951865204456678,
                "count": 3000
            }
        },
        "Aligned Chamfer Distance": {
            "success_only": {
                "mean": 0.14207232777939208,
                "median": 0.12035233490846978,
                "std": 0.10617034110530328,
                "count": 2572
            },
            "adjusted": {
                "mean": 0.12180334234953213,
                "median": 0.10093522601609087,
                "std": 0.11015035024052579,
                "count": 3000
            }
        },
        "Aligned Surface IoU": {
            "success_only": {
                "mean": 0.29994772550544324,
                "median": 0.194475,
                "std": 0.25986352882813585,
                "count": 2572
            },
            "adjusted": {
                "mean": 0.2571551833333333,
                "median": 0.1497,
                "std": 0.2624875035860044,
                "count": 3000
            }
        },
        "Naive IoU": {
            "success_only": {
                "mean": 0.45959550109855773,
                "median": 0.4611936205927888,
                "std": 0.2677403923806352,
                "count": 2572
            },
            "adjusted": {
                "mean": 0.3940265429418302,
                "median": 0.3855774163993146,
                "std": 0.29546401480966006,
                "count": 3000
            }
        },
        "Naive Chamfer Distance": {
            "success_only": {
                "mean": 0.1245504630800432,
                "median": 0.0995790073613115,
                "std": 0.11188064653616238,
                "count": 2572
            },
            "adjusted": {
                "mean": 0.1067812636806237,
                "median": 0.08190127144270512,
                "std": 0.11237853609128559,
                "count": 3000
            }
        },
        "Naive Surface IoU": {
            "success_only": {
                "mean": 0.3691302877138414,
                "median": 0.30785,
                "std": 0.26650904435989975,
                "count": 2572
            },
            "adjusted": {
                "mean": 0.3164677,
                "median": 0.23702499999999999,
                "std": 0.27849966183508634,
                "count": 3000
            }
        },
        "token_count": {
            "success_only": {
                "mean": 365.2608864696734,
                "median": 356.5,
                "std": 141.7396800136949,
                "count": 2572
            },
            "adjusted": {
                "mean": 313.1503333333333,
                "median": 328.0,
                "std": 183.15803746706055,
                "count": 3000
            }
        },
        "line_count": {
            "success_only": {
                "mean": 3.855754276827372,
                "median": 4.0,
                "std": 0.351407038255599,
                "count": 2572
            },
            "adjusted": {
                "mean": 3.3056666666666668,
                "median": 4.0,
                "std": 1.3873990705450294,
                "count": 3000
            }
        },
        "total_operations": {
            "success_only": {
                "mean": 38.95878693623639,
                "median": 38.0,
                "std": 14.751245178344961,
                "count": 2572
            },
            "adjusted": {
                "mean": 33.400666666666666,
                "median": 35.0,
                "std": 19.29382155178817,
                "count": 3000
            }
        }
    }
}