{
    "": {
        "Aligned IoU": {
            "success_only": {
                "mean": 0.13643897724766646,
                "median": 0.08718107816038811,
                "std": 0.1425701905977948,
                "count": 2377
            },
            "adjusted": {
                "mean": 0.1081051496392344,
                "median": 0.055703637991187646,
                "std": 0.13844789370101804,
                "count": 3000
            }
        },
        "Aligned Chamfer Distance": {
            "success_only": {
                "mean": 0.4161738488687691,
                "median": 0.39236196390797023,
                "std": 0.16255930272572044,
                "count": 2377
            },
            "adjusted": {
                "mean": 0.3297484129203547,
                "median": 0.3491704133612832,
                "std": 0.22236040346668273,
                "count": 3000
            }
        },
        "Aligned Surface IoU": {
            "success_only": {
                "mean": 0.05454345814051325,
                "median": 0.0416,
                "std": 0.049735670430834523,
                "count": 2377
            },
            "adjusted": {
                "mean": 0.0432166,
                "median": 0.03315,
                "std": 0.049491870186036666,
                "count": 3000
            }
        },
        "Naive IoU": {
            "success_only": {
                "mean": 0.06329332364058661,
                "median": 0.022160054994915808,
                "std": 0.09686241846337496,
                "count": 2377
            },
            "adjusted": {
                "mean": 0.05014941009789145,
                "median": 0.009777960774733734,
                "std": 0.0899592181366703,
                "count": 3000
            }
        },
        "Naive Chamfer Distance": {
            "success_only": {
                "mean": 0.7582531184585714,
                "median": 0.7264924054410675,
                "std": 0.27989708413479414,
                "count": 2377
            },
            "adjusted": {
                "mean": 0.6007892208586747,
                "median": 0.6378600761285886,
                "std": 0.3958560464356324,
                "count": 3000
            }
        },
        "Naive Surface IoU": {
            "success_only": {
                "mean": 0.022550441733277242,
                "median": 0.02025,
                "std": 0.01917836793714206,
                "count": 2377
            },
            "adjusted": {
                "mean": 0.01786746666666667,
                "median": 0.016175000000000002,
                "std": 0.019367583595973025,
                "count": 3000
            }
        },
        "token_count": {
            "success_only": {
                "mean": 191.01388304585612,
                "median": 161.0,
                "std": 99.05187852246785,
                "count": 2377
            },
            "adjusted": {
                "mean": 151.34666666666666,
                "median": 142.0,
                "std": 117.38238097492884,
                "count": 3000
            }
        },
        "line_count": {
            "success_only": {
                "mean": 3.5574253260412285,
                "median": 4.0,
                "std": 0.49679589659823126,
                "count": 2377
            },
            "adjusted": {
                "mean": 2.8186666666666667,
                "median": 3.0,
                "std": 1.5094848139978496,
                "count": 3000
            }
        },
        "total_operations": {
            "success_only": {
                "mean": 19.405973916701726,
                "median": 16.0,
                "std": 10.44750455863439,
                "count": 2377
            },
            "adjusted": {
                "mean": 15.376,
                "median": 15.0,
                "std": 12.184475552172682,
                "count": 3000
            }
        }
    }
}