{
    "": {
        "Aligned IoU": {
            "success_only": {
                "mean": 0.562045925429273,
                "median": 0.6228214677501075,
                "std": 0.2744607565588312,
                "count": 2201
            },
            "adjusted": {
                "mean": 0.41235436062327663,
                "median": 0.4869035435291943,
                "std": 0.3420614319445695,
                "count": 3000
            }
        },
        "Aligned Chamfer Distance": {
            "success_only": {
                "mean": 0.12431266163472704,
                "median": 0.08175042203481045,
                "std": 0.12378881423652455,
                "count": 2201
            },
            "adjusted": {
                "mean": 0.09120405608601141,
                "median": 0.05260833367077301,
                "std": 0.11942257501521493,
                "count": 3000
            }
        },
        "Aligned Surface IoU": {
            "success_only": {
                "mean": 0.3203564516129032,
                "median": 0.1474,
                "std": 0.3281006681149074,
                "count": 2201
            },
            "adjusted": {
                "mean": 0.23503485000000002,
                "median": 0.072375,
                "std": 0.3146902106080333,
                "count": 3000
            }
        },
        "Naive IoU": {
            "success_only": {
                "mean": 0.37426390787202773,
                "median": 0.30468591994180827,
                "std": 0.3168767963473093,
                "count": 2201
            },
            "adjusted": {
                "mean": 0.274584953742111,
                "median": 0.09345934629467012,
                "std": 0.3178658263320972,
                "count": 3000
            }
        },
        "Naive Chamfer Distance": {
            "success_only": {
                "mean": 0.3375139936617328,
                "median": 0.19483975770229894,
                "std": 0.32050569195584977,
                "count": 2201
            },
            "adjusted": {
                "mean": 0.24762276668315797,
                "median": 0.08762527479266434,
                "std": 0.3124460179276147,
                "count": 3000
            }
        },
        "Naive Surface IoU": {
            "success_only": {
                "mean": 0.22010865515674694,
                "median": 0.06645,
                "std": 0.2949137297334283,
                "count": 2201
            },
            "adjusted": {
                "mean": 0.16148638333333334,
                "median": 0.0421,
                "std": 0.27068826207865404,
                "count": 3000
            }
        },
        "token_count": {
            "success_only": {
                "mean": 180.18537028623354,
                "median": 147.0,
                "std": 139.48029572296255,
                "count": 2201
            },
            "adjusted": {
                "mean": 132.196,
                "median": 103.0,
                "std": 143.58862820124807,
                "count": 3000
            }
        },
        "line_count": {
            "success_only": {
                "mean": 33.62062698773285,
                "median": 31.0,
                "std": 19.11187426628649,
                "count": 2201
            },
            "adjusted": {
                "mean": 24.666333333333334,
                "median": 24.0,
                "std": 22.110916551916407,
                "count": 3000
            }
        },
        "total_operations": {
            "success_only": {
                "mean": 14.356656065424806,
                "median": 12.0,
                "std": 13.506042839286978,
                "count": 2201
            },
            "adjusted": {
                "mean": 10.533,
                "median": 8.0,
                "std": 13.194782242467756,
                "count": 3000
            }
        }
    }
}